Model,Dataset,Missing Rate (%),MÃ©trica,Teste
mean,sylva_prior,10,MAE,0.0880996904875559
mean,sylva_prior,10,MAE,0.0874293825070988
mean,sylva_prior,10,MAE,0.0877097425035024
mean,sylva_prior,10,MAE,0.0874469047393846
mean,sylva_prior,10,MAE,0.0880153916432518
mean,sylva_prior,20,MAE,0.0872506051345198
mean,sylva_prior,20,MAE,0.0866383490723516
mean,sylva_prior,20,MAE,0.0872660010382724
mean,sylva_prior,20,MAE,0.0874815829002985
mean,sylva_prior,20,MAE,0.0864591507183059
mean,sylva_prior,40,MAE,0.0902560313006219
mean,sylva_prior,40,MAE,0.0892792207498323
mean,sylva_prior,40,MAE,0.0896378021331737
mean,sylva_prior,40,MAE,0.0901111481182197
mean,sylva_prior,40,MAE,0.0894990433966381
mean,sylva_prior,60,MAE,0.0949840902470596
mean,sylva_prior,60,MAE,0.0942529198702253
mean,sylva_prior,60,MAE,0.0950091000729255
mean,sylva_prior,60,MAE,0.0948489253514932
mean,sylva_prior,60,MAE,0.0943704978097509
mean,fri_c4_1000_100,10,MAE,0.302336111022079
mean,fri_c4_1000_100,10,MAE,0.253515028702019
mean,fri_c4_1000_100,10,MAE,0.714405470864604
mean,fri_c4_1000_100,10,MAE,1.07086702676028
mean,fri_c4_1000_100,10,MAE,0.582390836152605
mean,fri_c4_1000_100,20,MAE,0.366548512893373
mean,fri_c4_1000_100,20,MAE,0.332716675294759
mean,fri_c4_1000_100,20,MAE,0.445138274759017
mean,fri_c4_1000_100,20,MAE,0.650523984087017
mean,fri_c4_1000_100,20,MAE,0.264325589459109
mean,fri_c4_1000_100,40,MAE,0.199557983289793
mean,fri_c4_1000_100,40,MAE,0.195686376018633
mean,fri_c4_1000_100,40,MAE,0.391935573158403
mean,fri_c4_1000_100,40,MAE,0.420834505174334
mean,fri_c4_1000_100,40,MAE,0.268377307832931
mean,fri_c4_1000_100,60,MAE,0.231896396232099
mean,fri_c4_1000_100,60,MAE,0.177003913451892
mean,fri_c4_1000_100,60,MAE,0.383752921841661
mean,fri_c4_1000_100,60,MAE,0.396041225233975
mean,fri_c4_1000_100,60,MAE,0.298434965620734
knn,sylva_prior,10,MAE,0.0530839948437114
knn,sylva_prior,10,MAE,0.0535196770331707
knn,sylva_prior,10,MAE,0.0537084368087853
knn,sylva_prior,10,MAE,0.0535671321692111
knn,sylva_prior,10,MAE,0.0519847598071565
knn,sylva_prior,20,MAE,0.0680556972192162
knn,sylva_prior,20,MAE,0.0682698662261449
knn,sylva_prior,20,MAE,0.0689044427649762
knn,sylva_prior,20,MAE,0.0663420911049418
knn,sylva_prior,20,MAE,0.0654842165387957
knn,sylva_prior,40,MAE,0.0873343356158988
knn,sylva_prior,40,MAE,0.0882955925891651
knn,sylva_prior,40,MAE,0.0875724595794948
knn,sylva_prior,40,MAE,0.087048613626766
knn,sylva_prior,40,MAE,0.0865603925555315
knn,sylva_prior,60,MAE,0.111770332656834
knn,sylva_prior,60,MAE,0.111785995080406
knn,sylva_prior,60,MAE,0.112030540855229
knn,sylva_prior,60,MAE,0.112061701165517
knn,sylva_prior,60,MAE,0.112061896823961
knn,fri_c4_1000_100,10,MAE,0.29525684726965
knn,fri_c4_1000_100,10,MAE,0.260645784354726
knn,fri_c4_1000_100,10,MAE,0.695330131181976
knn,fri_c4_1000_100,10,MAE,1.09138201658131
knn,fri_c4_1000_100,10,MAE,0.333550304486412
knn,fri_c4_1000_100,20,MAE,0.337945020211134
knn,fri_c4_1000_100,20,MAE,0.211398925230974
knn,fri_c4_1000_100,20,MAE,0.436662834758113
knn,fri_c4_1000_100,20,MAE,0.654043334574531
knn,fri_c4_1000_100,20,MAE,0.278449260915083
knn,fri_c4_1000_100,40,MAE,0.267016731946693
knn,fri_c4_1000_100,40,MAE,0.248589452111858
knn,fri_c4_1000_100,40,MAE,0.37340814261156
knn,fri_c4_1000_100,40,MAE,0.445399044228449
knn,fri_c4_1000_100,40,MAE,0.342474567444627
knn,fri_c4_1000_100,60,MAE,0.276172960183949
knn,fri_c4_1000_100,60,MAE,0.231299669654401
knn,fri_c4_1000_100,60,MAE,0.359996502630882
knn,fri_c4_1000_100,60,MAE,0.348558070536645
knn,fri_c4_1000_100,60,MAE,0.251904673733219
mice,sylva_prior,10,MAE,0.050153181423029
mice,sylva_prior,10,MAE,0.0504067390544379
mice,sylva_prior,10,MAE,0.0495821870823967
mice,sylva_prior,10,MAE,0.0502769134698767
mice,sylva_prior,10,MAE,0.0492576461291876
mice,sylva_prior,20,MAE,0.0603259410072655
mice,sylva_prior,20,MAE,0.0596240028630766
mice,sylva_prior,20,MAE,0.0590732098729358
mice,sylva_prior,20,MAE,0.0582837528210782
mice,sylva_prior,20,MAE,0.0582042942791417
mice,sylva_prior,40,MAE,0.0720611280825386
mice,sylva_prior,40,MAE,0.0730753331968031
mice,sylva_prior,40,MAE,0.0744795423136869
mice,sylva_prior,40,MAE,0.0738127525010347
mice,sylva_prior,40,MAE,0.0726032165290555
mice,sylva_prior,60,MAE,0.085724536979619
mice,sylva_prior,60,MAE,0.0858127747689497
mice,sylva_prior,60,MAE,0.0862126634018629
mice,sylva_prior,60,MAE,0.0859842805709057
mice,sylva_prior,60,MAE,0.0891887151209231
mice,fri_c4_1000_100,10,MAE,0.298430254603817
mice,fri_c4_1000_100,10,MAE,0.271252984053121
mice,fri_c4_1000_100,10,MAE,0.732711632491943
mice,fri_c4_1000_100,10,MAE,1.09657743105276
mice,fri_c4_1000_100,10,MAE,0.551982934669363
mice,fri_c4_1000_100,20,MAE,0.246228425143046
mice,fri_c4_1000_100,20,MAE,0.209086615898763
mice,fri_c4_1000_100,20,MAE,0.472678434312436
mice,fri_c4_1000_100,20,MAE,0.657250843909988
mice,fri_c4_1000_100,20,MAE,0.324487506889105
mice,fri_c4_1000_100,40,MAE,0.530581720322179
mice,fri_c4_1000_100,40,MAE,0.355554406715976
mice,fri_c4_1000_100,40,MAE,0.756788502491744
mice,fri_c4_1000_100,40,MAE,0.57422166182998
mice,fri_c4_1000_100,40,MAE,0.673523682636876
mice,fri_c4_1000_100,60,MAE,0.484650822622262
mice,fri_c4_1000_100,60,MAE,0.575874167144856
mice,fri_c4_1000_100,60,MAE,0.612078270401433
mice,fri_c4_1000_100,60,MAE,0.430454090845548
mice,fri_c4_1000_100,60,MAE,0.746399231883713
saei,sylva_prior,10,MAE,0.0670841667080704
saei,sylva_prior,10,MAE,0.0683638654551259
saei,sylva_prior,10,MAE,0.0842613098177096
saei,sylva_prior,10,MAE,0.0737331151095732
saei,sylva_prior,10,MAE,0.0704147274458896
saei,sylva_prior,20,MAE,0.0770578214907598
saei,sylva_prior,20,MAE,0.0647530120903521
saei,sylva_prior,20,MAE,0.0655473986136724
saei,sylva_prior,20,MAE,0.0645740929160308
saei,sylva_prior,20,MAE,0.065658297362288
saei,sylva_prior,40,MAE,0.05599817668747
saei,sylva_prior,40,MAE,0.0704355999441445
saei,sylva_prior,40,MAE,0.0751246483400093
saei,sylva_prior,40,MAE,0.0542753801014836
saei,sylva_prior,40,MAE,0.0574847259537091
saei,sylva_prior,60,MAE,0.0702618538728672
saei,sylva_prior,60,MAE,0.0544346909535194
saei,sylva_prior,60,MAE,0.0553035460501576
saei,sylva_prior,60,MAE,0.0616575955187596
saei,sylva_prior,60,MAE,0.0559895886410377
saei,fri_c4_1000_100,10,MAE,0.489123737831015
saei,fri_c4_1000_100,10,MAE,0.258964818797322
saei,fri_c4_1000_100,10,MAE,0.836434441330838
saei,fri_c4_1000_100,10,MAE,1.09948049905332
saei,fri_c4_1000_100,10,MAE,0.602099116529546
saei,fri_c4_1000_100,20,MAE,0.226368711310405
saei,fri_c4_1000_100,20,MAE,0.219320920815493
saei,fri_c4_1000_100,20,MAE,0.609046581117608
saei,fri_c4_1000_100,20,MAE,0.630097808975121
saei,fri_c4_1000_100,20,MAE,0.242839394026254
saei,fri_c4_1000_100,40,MAE,0.179350864911704
saei,fri_c4_1000_100,40,MAE,0.283241507713612
saei,fri_c4_1000_100,40,MAE,0.35742307707584
saei,fri_c4_1000_100,40,MAE,0.395156594529861
saei,fri_c4_1000_100,40,MAE,0.263509187218911
saei,fri_c4_1000_100,60,MAE,0.206006681027907
saei,fri_c4_1000_100,60,MAE,0.146163486096457
saei,fri_c4_1000_100,60,MAE,0.279785854387163
saei,fri_c4_1000_100,60,MAE,0.305697750300776
saei,fri_c4_1000_100,60,MAE,0.210201344261467
pmivae,sylva_prior,10,MAE,0.0596659427585283
pmivae,sylva_prior,10,MAE,0.0575527538642122
pmivae,sylva_prior,10,MAE,0.057416971593033
pmivae,sylva_prior,10,MAE,0.0589978412136027
pmivae,sylva_prior,10,MAE,0.0574085230589702
pmivae,sylva_prior,20,MAE,0.0610415811951978
pmivae,sylva_prior,20,MAE,0.0608452450800295
pmivae,sylva_prior,20,MAE,0.0615795038415956
pmivae,sylva_prior,20,MAE,0.0615452480410202
pmivae,sylva_prior,20,MAE,0.0609088006362826
pmivae,sylva_prior,40,MAE,0.0753846482197831
pmivae,sylva_prior,40,MAE,0.0741089977700712
pmivae,sylva_prior,40,MAE,0.0749434251740618
pmivae,sylva_prior,40,MAE,0.0751653884895589
pmivae,sylva_prior,40,MAE,0.0744951426078758
pmivae,sylva_prior,60,MAE,0.0748685953156714
pmivae,sylva_prior,60,MAE,0.0740940810995014
pmivae,sylva_prior,60,MAE,0.0742310402449937
pmivae,sylva_prior,60,MAE,0.0753139199736576
pmivae,sylva_prior,60,MAE,0.0740085625584732
pmivae,fri_c4_1000_100,10,MAE,0.298373372272437
pmivae,fri_c4_1000_100,10,MAE,0.257500394973842
pmivae,fri_c4_1000_100,10,MAE,0.910567578058097
pmivae,fri_c4_1000_100,10,MAE,1.0910174522197
pmivae,fri_c4_1000_100,10,MAE,0.338567116540089
pmivae,fri_c4_1000_100,20,MAE,0.231487633005392
pmivae,fri_c4_1000_100,20,MAE,0.211152669479368
pmivae,fri_c4_1000_100,20,MAE,0.440718136094899
pmivae,fri_c4_1000_100,20,MAE,0.631673190049936
pmivae,fri_c4_1000_100,20,MAE,0.262814283995537
pmivae,fri_c4_1000_100,40,MAE,0.20013121258195
pmivae,fri_c4_1000_100,40,MAE,0.223469822473134
pmivae,fri_c4_1000_100,40,MAE,0.32340359966534
pmivae,fri_c4_1000_100,40,MAE,0.487630941038079
pmivae,fri_c4_1000_100,40,MAE,0.314768236688253
pmivae,fri_c4_1000_100,60,MAE,0.226065520385456
pmivae,fri_c4_1000_100,60,MAE,0.17833272874218
pmivae,fri_c4_1000_100,60,MAE,0.360493156118318
pmivae,fri_c4_1000_100,60,MAE,0.349081315764274
pmivae,fri_c4_1000_100,60,MAE,0.256904450660755
lpr0,sylva_prior,10,MAE,0.080255150157434
lpr0,sylva_prior,10,MAE,0.0795838084974962
lpr0,sylva_prior,10,MAE,0.0803523310503657
lpr0,sylva_prior,10,MAE,0.0804832059057208
lpr0,sylva_prior,10,MAE,0.0799485678278058
lpr0,sylva_prior,20,MAE,0.0799743491841459
lpr0,sylva_prior,20,MAE,0.0795979693632528
lpr0,sylva_prior,20,MAE,0.079209256471136
lpr0,sylva_prior,20,MAE,0.0802714397793599
lpr0,sylva_prior,20,MAE,0.0794166670734363
lpr0,sylva_prior,40,MAE,0.0833409262036186
lpr0,sylva_prior,40,MAE,0.0829482942533117
lpr0,sylva_prior,40,MAE,0.0838058475895109
lpr0,sylva_prior,40,MAE,0.0836657817866975
lpr0,sylva_prior,40,MAE,0.0833209938381628
lpr0,sylva_prior,60,MAE,0.0935097882091693
lpr0,sylva_prior,60,MAE,0.0932555538805229
lpr0,sylva_prior,60,MAE,0.0943931139524062
lpr0,sylva_prior,60,MAE,0.0936947361772575
lpr0,sylva_prior,60,MAE,0.0927190978223139
lpr0,fri_c4_1000_100,10,MAE,0.490579325052287
lpr0,fri_c4_1000_100,10,MAE,0.249848318821861
lpr0,fri_c4_1000_100,10,MAE,0.683211714794561
lpr0,fri_c4_1000_100,10,MAE,1.08607096430241
lpr0,fri_c4_1000_100,10,MAE,0.332149572185586
lpr0,fri_c4_1000_100,20,MAE,0.229270600261143
lpr0,fri_c4_1000_100,20,MAE,0.206448459439591
lpr0,fri_c4_1000_100,20,MAE,0.449814329054902
lpr0,fri_c4_1000_100,20,MAE,0.65719372522697
lpr0,fri_c4_1000_100,20,MAE,0.258982077263303
lpr0,fri_c4_1000_100,40,MAE,0.199320986984827
lpr0,fri_c4_1000_100,40,MAE,0.243689686521883
lpr0,fri_c4_1000_100,40,MAE,0.385898899926039
lpr0,fri_c4_1000_100,40,MAE,0.426252989664684
lpr0,fri_c4_1000_100,40,MAE,0.312528050147962
lpr0,fri_c4_1000_100,60,MAE,0.18800860829965
lpr0,fri_c4_1000_100,60,MAE,0.209720125400666
lpr0,fri_c4_1000_100,60,MAE,0.346807085479658
lpr0,fri_c4_1000_100,60,MAE,0.352187508798571
lpr0,fri_c4_1000_100,60,MAE,0.246791122189167
lpr1,sylva_prior,10,MAE,0.0803342380170142
lpr1,sylva_prior,10,MAE,0.0794861898724127
lpr1,sylva_prior,10,MAE,0.0801218399213035
lpr1,sylva_prior,10,MAE,0.080315988045702
lpr1,sylva_prior,10,MAE,0.0786857538765402
lpr1,sylva_prior,20,MAE,0.08038055449774
lpr1,sylva_prior,20,MAE,0.0792777927480225
lpr1,sylva_prior,20,MAE,0.0796297325670279
lpr1,sylva_prior,20,MAE,0.080893354146734
lpr1,sylva_prior,20,MAE,0.0792038752840793
lpr1,sylva_prior,40,MAE,0.0838827864528054
lpr1,sylva_prior,40,MAE,0.0834731326543445
lpr1,sylva_prior,40,MAE,0.0834182021279321
lpr1,sylva_prior,40,MAE,0.0843044200479754
lpr1,sylva_prior,40,MAE,0.0832636785326414
lpr1,sylva_prior,60,MAE,0.0930633389843243
lpr1,sylva_prior,60,MAE,0.0939232756289861
lpr1,sylva_prior,60,MAE,0.0938760659678599
lpr1,sylva_prior,60,MAE,0.0944021884272855
lpr1,sylva_prior,60,MAE,0.0933417704195749
lpr1,fri_c4_1000_100,10,MAE,0.288288470351126
lpr1,fri_c4_1000_100,10,MAE,0.253722596898554
lpr1,fri_c4_1000_100,10,MAE,0.711105879782403
lpr1,fri_c4_1000_100,10,MAE,1.33923488506843
lpr1,fri_c4_1000_100,10,MAE,0.36540792357905
lpr1,fri_c4_1000_100,20,MAE,0.352363850482808
lpr1,fri_c4_1000_100,20,MAE,0.206040682463681
lpr1,fri_c4_1000_100,20,MAE,0.449829628986967
lpr1,fri_c4_1000_100,20,MAE,0.652176542853193
lpr1,fri_c4_1000_100,20,MAE,0.347888670711415
lpr1,fri_c4_1000_100,40,MAE,0.199538488180223
lpr1,fri_c4_1000_100,40,MAE,0.193580817372506
lpr1,fri_c4_1000_100,40,MAE,0.387447114687071
lpr1,fri_c4_1000_100,40,MAE,0.420156160146237
lpr1,fri_c4_1000_100,40,MAE,0.399822881622264
lpr1,fri_c4_1000_100,60,MAE,0.18972751806239
lpr1,fri_c4_1000_100,60,MAE,0.210568450604947
lpr1,fri_c4_1000_100,60,MAE,0.320541238645834
lpr1,fri_c4_1000_100,60,MAE,0.393193051756403
lpr1,fri_c4_1000_100,60,MAE,0.249255186428752
lpr2,sylva_prior,10,MAE,0.0793853989307593
lpr2,sylva_prior,10,MAE,0.0790365978666162
lpr2,sylva_prior,10,MAE,0.0805230794602228
lpr2,sylva_prior,10,MAE,0.0810132558198568
lpr2,sylva_prior,10,MAE,0.0797044511667695
lpr2,sylva_prior,20,MAE,0.0798571967709795
lpr2,sylva_prior,20,MAE,0.0799002103726596
lpr2,sylva_prior,20,MAE,0.0796113667709416
lpr2,sylva_prior,20,MAE,0.0804114048786932
lpr2,sylva_prior,20,MAE,0.0796087753065222
lpr2,sylva_prior,40,MAE,0.0837045517416678
lpr2,sylva_prior,40,MAE,0.0832709047586715
lpr2,sylva_prior,40,MAE,0.0838222915767367
lpr2,sylva_prior,40,MAE,0.0843419833856319
lpr2,sylva_prior,40,MAE,0.0831718439012015
lpr2,sylva_prior,60,MAE,0.0936982485602228
lpr2,sylva_prior,60,MAE,0.0933076712648893
lpr2,sylva_prior,60,MAE,0.0940424163491689
lpr2,sylva_prior,60,MAE,0.0939507066251154
lpr2,sylva_prior,60,MAE,0.0926322803295152
lpr2,fri_c4_1000_100,10,MAE,0.297760902253951
lpr2,fri_c4_1000_100,10,MAE,0.256758862068265
lpr2,fri_c4_1000_100,10,MAE,0.705963138813598
lpr2,fri_c4_1000_100,10,MAE,1.13379885546892
lpr2,fri_c4_1000_100,10,MAE,0.345153000151681
lpr2,fri_c4_1000_100,20,MAE,0.244053011698436
lpr2,fri_c4_1000_100,20,MAE,0.212815589330516
lpr2,fri_c4_1000_100,20,MAE,0.456879186236192
lpr2,fri_c4_1000_100,20,MAE,0.643302355987011
lpr2,fri_c4_1000_100,20,MAE,0.280893167871296
lpr2,fri_c4_1000_100,40,MAE,0.208262110353811
lpr2,fri_c4_1000_100,40,MAE,0.190937634418345
lpr2,fri_c4_1000_100,40,MAE,0.329938723176053
lpr2,fri_c4_1000_100,40,MAE,0.483044353144267
lpr2,fri_c4_1000_100,40,MAE,0.241578162178687
lpr2,fri_c4_1000_100,60,MAE,0.317838145822106
lpr2,fri_c4_1000_100,60,MAE,0.206188533691293
lpr2,fri_c4_1000_100,60,MAE,0.35533032042654
lpr2,fri_c4_1000_100,60,MAE,0.391984649905548
lpr2,fri_c4_1000_100,60,MAE,0.320387137479922
lpr3,sylva_prior,10,MAE,0.0803015777810871
lpr3,sylva_prior,10,MAE,0.0787794233195242
lpr3,sylva_prior,10,MAE,0.0796550773485704
lpr3,sylva_prior,10,MAE,0.0799688174026143
lpr3,sylva_prior,10,MAE,0.0796591789940758
lpr3,sylva_prior,20,MAE,0.079882572598669
lpr3,sylva_prior,20,MAE,0.0800330063813459
lpr3,sylva_prior,20,MAE,0.079111542410493
lpr3,sylva_prior,20,MAE,0.0804161165978531
lpr3,sylva_prior,20,MAE,0.0794534353546412
lpr3,sylva_prior,40,MAE,0.0839498666223528
lpr3,sylva_prior,40,MAE,0.0830780338066218
lpr3,sylva_prior,40,MAE,0.0835648626574937
lpr3,sylva_prior,40,MAE,0.0843021487226451
lpr3,sylva_prior,40,MAE,0.083224855009195
lpr3,sylva_prior,60,MAE,0.0946062642315807
lpr3,sylva_prior,60,MAE,0.094254235015372
lpr3,sylva_prior,60,MAE,0.0948537302852281
lpr3,sylva_prior,60,MAE,0.094081395514705
lpr3,sylva_prior,60,MAE,0.0945052258963917
lpr3,fri_c4_1000_100,10,MAE,0.29271294309331
lpr3,fri_c4_1000_100,10,MAE,0.404330057541773
lpr3,fri_c4_1000_100,10,MAE,0.956127222692231
lpr3,fri_c4_1000_100,10,MAE,1.09191605314869
lpr3,fri_c4_1000_100,10,MAE,0.34787536519603
lpr3,fri_c4_1000_100,20,MAE,0.336290707185617
lpr3,fri_c4_1000_100,20,MAE,0.206271070514124
lpr3,fri_c4_1000_100,20,MAE,0.563322902493667
lpr3,fri_c4_1000_100,20,MAE,0.628142501443724
lpr3,fri_c4_1000_100,20,MAE,0.370492636903542
lpr3,fri_c4_1000_100,40,MAE,0.250427873436766
lpr3,fri_c4_1000_100,40,MAE,0.246402655807016
lpr3,fri_c4_1000_100,40,MAE,0.438934180220585
lpr3,fri_c4_1000_100,40,MAE,0.423484719167542
lpr3,fri_c4_1000_100,40,MAE,0.28456479679707
lpr3,fri_c4_1000_100,60,MAE,0.234778198140111
lpr3,fri_c4_1000_100,60,MAE,0.221531721418705
lpr3,fri_c4_1000_100,60,MAE,0.373653659559195
lpr3,fri_c4_1000_100,60,MAE,0.352169280561649
lpr3,fri_c4_1000_100,60,MAE,0.324510450910143
mean,wiscosin,10,MAE,0.162324039066748
mean,wiscosin,10,MAE,0.154471797588588
mean,wiscosin,10,MAE,0.163472714938086
mean,wiscosin,10,MAE,0.148306617426295
mean,wiscosin,10,MAE,0.161446032025558
mean,wiscosin,20,MAE,0.160946541081438
mean,wiscosin,20,MAE,0.156279531421048
mean,wiscosin,20,MAE,0.157837287659876
mean,wiscosin,20,MAE,0.14517693765194
mean,wiscosin,20,MAE,0.155676182375667
mean,wiscosin,40,MAE,0.159609415335228
mean,wiscosin,40,MAE,0.153531542311567
mean,wiscosin,40,MAE,0.155953782479586
mean,wiscosin,40,MAE,0.14360314356592
mean,wiscosin,40,MAE,0.147664153601796
mean,wiscosin,60,MAE,0.160960985754596
mean,wiscosin,60,MAE,0.159767530250583
mean,wiscosin,60,MAE,0.164513959651372
mean,wiscosin,60,MAE,0.149492121164189
mean,wiscosin,60,MAE,0.149762978251744
mean,pima_diabetes,10,MAE,0.193483925019983
mean,pima_diabetes,10,MAE,0.195532277991543
mean,pima_diabetes,10,MAE,0.197981341851208
mean,pima_diabetes,10,MAE,0.205396023611065
mean,pima_diabetes,10,MAE,0.177820315459509
mean,pima_diabetes,20,MAE,0.181729386941175
mean,pima_diabetes,20,MAE,0.170752559836597
mean,pima_diabetes,20,MAE,0.180846770171555
mean,pima_diabetes,20,MAE,0.195719233534685
mean,pima_diabetes,20,MAE,0.165814544105911
mean,pima_diabetes,40,MAE,0.179588965122215
mean,pima_diabetes,40,MAE,0.175289605465983
mean,pima_diabetes,40,MAE,0.180251463237482
mean,pima_diabetes,40,MAE,0.196420130037671
mean,pima_diabetes,40,MAE,0.165508959707214
mean,pima_diabetes,60,MAE,0.184649903984374
mean,pima_diabetes,60,MAE,0.169876178797302
mean,pima_diabetes,60,MAE,0.183557513782016
mean,pima_diabetes,60,MAE,0.198444619091917
mean,pima_diabetes,60,MAE,0.171413016322099
mean,bc_coimbra,10,MAE,0.19865974244064
mean,bc_coimbra,10,MAE,0.20984689134839
mean,bc_coimbra,10,MAE,0.185289602430305
mean,bc_coimbra,10,MAE,0.185863242708805
mean,bc_coimbra,10,MAE,0.178995076882278
mean,bc_coimbra,20,MAE,0.214094990241552
mean,bc_coimbra,20,MAE,0.222795841645822
mean,bc_coimbra,20,MAE,0.215376667650572
mean,bc_coimbra,20,MAE,0.190531938446398
mean,bc_coimbra,20,MAE,0.180704009376016
mean,bc_coimbra,40,MAE,0.212998325753957
mean,bc_coimbra,40,MAE,0.243231216258938
mean,bc_coimbra,40,MAE,0.209964469150526
mean,bc_coimbra,40,MAE,0.165798587361091
mean,bc_coimbra,40,MAE,0.197721916826961
mean,bc_coimbra,60,MAE,0.23560459564858
mean,bc_coimbra,60,MAE,0.263935451307045
mean,bc_coimbra,60,MAE,0.181814676890859
mean,bc_coimbra,60,MAE,0.168763973686329
mean,bc_coimbra,60,MAE,0.17406767044914
mean,indian_liver,10,MAE,0.17595923048883
mean,indian_liver,10,MAE,0.179452141144694
mean,indian_liver,10,MAE,0.16921008159359
mean,indian_liver,10,MAE,0.184672928384707
mean,indian_liver,10,MAE,0.182988388565288
mean,indian_liver,20,MAE,0.163695886142086
mean,indian_liver,20,MAE,0.179524838159035
mean,indian_liver,20,MAE,0.155439747648881
mean,indian_liver,20,MAE,0.175757713428073
mean,indian_liver,20,MAE,0.17796127602069
mean,indian_liver,40,MAE,0.171356231009111
mean,indian_liver,40,MAE,0.161499238284229
mean,indian_liver,40,MAE,0.159048546127344
mean,indian_liver,40,MAE,0.162260868403004
mean,indian_liver,40,MAE,0.177456624842041
mean,indian_liver,60,MAE,0.159943247809853
mean,indian_liver,60,MAE,0.154076895654434
mean,indian_liver,60,MAE,0.156730418144111
mean,indian_liver,60,MAE,0.175299361885017
mean,indian_liver,60,MAE,0.163203152831764
mean,parkinsons,10,MAE,0.200271235466118
mean,parkinsons,10,MAE,0.174119796364893
mean,parkinsons,10,MAE,0.219222637119239
mean,parkinsons,10,MAE,0.17703815986956
mean,parkinsons,10,MAE,0.208071226045503
mean,parkinsons,20,MAE,0.203981126523705
mean,parkinsons,20,MAE,0.165327597337235
mean,parkinsons,20,MAE,0.216787521877578
mean,parkinsons,20,MAE,0.171995756768279
mean,parkinsons,20,MAE,0.193653296075058
mean,parkinsons,40,MAE,0.19232555152221
mean,parkinsons,40,MAE,0.161903363859208
mean,parkinsons,40,MAE,0.209680869181884
mean,parkinsons,40,MAE,0.176366293128033
mean,parkinsons,40,MAE,0.193998755835613
mean,parkinsons,60,MAE,0.194783765644096
mean,parkinsons,60,MAE,0.174574737332023
mean,parkinsons,60,MAE,0.222432091223782
mean,parkinsons,60,MAE,0.189219653807468
mean,parkinsons,60,MAE,0.191736479156392
mean,mammographic_masses,10,MAE,0.27671613583175
mean,mammographic_masses,10,MAE,0.26940122255738
mean,mammographic_masses,10,MAE,0.247148541135367
mean,mammographic_masses,10,MAE,0.27352762352297
mean,mammographic_masses,10,MAE,0.262733361742393
mean,mammographic_masses,20,MAE,0.27123312318096
mean,mammographic_masses,20,MAE,0.266111318530187
mean,mammographic_masses,20,MAE,0.266417347996357
mean,mammographic_masses,20,MAE,0.26969423934703
mean,mammographic_masses,20,MAE,0.284138305054542
mean,mammographic_masses,40,MAE,0.280873326819576
mean,mammographic_masses,40,MAE,0.282211126010024
mean,mammographic_masses,40,MAE,0.275367996534346
mean,mammographic_masses,40,MAE,0.279273477224471
mean,mammographic_masses,40,MAE,0.287099969520434
mean,mammographic_masses,60,MAE,0.299558025642932
mean,mammographic_masses,60,MAE,0.298220907482013
mean,mammographic_masses,60,MAE,0.296590180460887
mean,mammographic_masses,60,MAE,0.301534205629903
mean,mammographic_masses,60,MAE,0.304387623759504
mean,hcv_egyptian,10,MAE,0.409462564962048
mean,hcv_egyptian,10,MAE,0.392090380956594
mean,hcv_egyptian,10,MAE,0.3898154689395
mean,hcv_egyptian,10,MAE,0.391914040494734
mean,hcv_egyptian,10,MAE,0.391019120665
mean,hcv_egyptian,20,MAE,0.404860493056418
mean,hcv_egyptian,20,MAE,0.397200971370869
mean,hcv_egyptian,20,MAE,0.39542995901247
mean,hcv_egyptian,20,MAE,0.399265454728149
mean,hcv_egyptian,20,MAE,0.396726640567687
mean,hcv_egyptian,40,MAE,0.412919668912931
mean,hcv_egyptian,40,MAE,0.407509035026044
mean,hcv_egyptian,40,MAE,0.404201504682108
mean,hcv_egyptian,40,MAE,0.406173084704443
mean,hcv_egyptian,40,MAE,0.408281536053865
mean,hcv_egyptian,60,MAE,0.426856812771666
mean,hcv_egyptian,60,MAE,0.412949350475077
mean,hcv_egyptian,60,MAE,0.415544678926248
mean,hcv_egyptian,60,MAE,0.416858263341955
mean,hcv_egyptian,60,MAE,0.421894366296482
mean,thoracic_surgey,10,MAE,0.171761160218465
mean,thoracic_surgey,10,MAE,0.174728308573347
mean,thoracic_surgey,10,MAE,0.16960852726558
mean,thoracic_surgey,10,MAE,0.173533883016583
mean,thoracic_surgey,10,MAE,0.180077896053931
mean,thoracic_surgey,20,MAE,0.17248641366532
mean,thoracic_surgey,20,MAE,0.175410254304972
mean,thoracic_surgey,20,MAE,0.189977467176605
mean,thoracic_surgey,20,MAE,0.169953580651183
mean,thoracic_surgey,20,MAE,0.173285349096426
mean,thoracic_surgey,40,MAE,0.18407217842745
mean,thoracic_surgey,40,MAE,0.182429454990297
mean,thoracic_surgey,40,MAE,0.167879894966268
mean,thoracic_surgey,40,MAE,0.179029413335217
mean,thoracic_surgey,40,MAE,0.187409072440418
mean,thoracic_surgey,60,MAE,0.185716474552682
mean,thoracic_surgey,60,MAE,0.171670480931289
mean,thoracic_surgey,60,MAE,0.168097124040363
mean,thoracic_surgey,60,MAE,0.164885413518793
mean,thoracic_surgey,60,MAE,0.198927084022025
knn,wiscosin,10,MAE,0.0864190897843152
knn,wiscosin,10,MAE,0.0719717551235752
knn,wiscosin,10,MAE,0.0786461785010421
knn,wiscosin,10,MAE,0.0628911298368981
knn,wiscosin,10,MAE,0.080229128415221
knn,wiscosin,20,MAE,0.0867493787098397
knn,wiscosin,20,MAE,0.0789738906594624
knn,wiscosin,20,MAE,0.0811282933932198
knn,wiscosin,20,MAE,0.06669385844192
knn,wiscosin,20,MAE,0.0823998544694689
knn,wiscosin,40,MAE,0.0949163633259304
knn,wiscosin,40,MAE,0.0956713620030838
knn,wiscosin,40,MAE,0.0942465444673598
knn,wiscosin,40,MAE,0.0813761196650727
knn,wiscosin,40,MAE,0.0968491222567531
knn,wiscosin,60,MAE,0.113064306648686
knn,wiscosin,60,MAE,0.105910383102658
knn,wiscosin,60,MAE,0.111866570109967
knn,wiscosin,60,MAE,0.0958857008864844
knn,wiscosin,60,MAE,0.106694528226807
knn,pima_diabetes,10,MAE,0.161779258383658
knn,pima_diabetes,10,MAE,0.152136472396597
knn,pima_diabetes,10,MAE,0.154776417406747
knn,pima_diabetes,10,MAE,0.174492703114137
knn,pima_diabetes,10,MAE,0.148808580327946
knn,pima_diabetes,20,MAE,0.160454130172616
knn,pima_diabetes,20,MAE,0.142424039686318
knn,pima_diabetes,20,MAE,0.152468845004943
knn,pima_diabetes,20,MAE,0.171085038102432
knn,pima_diabetes,20,MAE,0.134434491699965
knn,pima_diabetes,40,MAE,0.164680587590688
knn,pima_diabetes,40,MAE,0.147670937880826
knn,pima_diabetes,40,MAE,0.154253121158692
knn,pima_diabetes,40,MAE,0.191950211273039
knn,pima_diabetes,40,MAE,0.153040110769042
knn,pima_diabetes,60,MAE,0.181609092004874
knn,pima_diabetes,60,MAE,0.168623415945596
knn,pima_diabetes,60,MAE,0.173151079288784
knn,pima_diabetes,60,MAE,0.186862404333248
knn,pima_diabetes,60,MAE,0.165563231008391
knn,bc_coimbra,10,MAE,0.195700964604307
knn,bc_coimbra,10,MAE,0.172127511309191
knn,bc_coimbra,10,MAE,0.197024077661452
knn,bc_coimbra,10,MAE,0.153255360700263
knn,bc_coimbra,10,MAE,0.158504997488199
knn,bc_coimbra,20,MAE,0.220892006016012
knn,bc_coimbra,20,MAE,0.190697141450723
knn,bc_coimbra,20,MAE,0.190569075467967
knn,bc_coimbra,20,MAE,0.141762206345589
knn,bc_coimbra,20,MAE,0.161921018241662
knn,bc_coimbra,40,MAE,0.205148422999948
knn,bc_coimbra,40,MAE,0.208833649582587
knn,bc_coimbra,40,MAE,0.19624036076103
knn,bc_coimbra,40,MAE,0.159864868910759
knn,bc_coimbra,40,MAE,0.172508320844708
knn,bc_coimbra,60,MAE,0.2111437462806
knn,bc_coimbra,60,MAE,0.23348536360629
knn,bc_coimbra,60,MAE,0.199501512933711
knn,bc_coimbra,60,MAE,0.191880259874031
knn,bc_coimbra,60,MAE,0.16599302170214
knn,indian_liver,10,MAE,0.143050489069283
knn,indian_liver,10,MAE,0.152137091664848
knn,indian_liver,10,MAE,0.123364497950452
knn,indian_liver,10,MAE,0.163344979056401
knn,indian_liver,10,MAE,0.181723083032001
knn,indian_liver,20,MAE,0.16313407717167
knn,indian_liver,20,MAE,0.164719855171522
knn,indian_liver,20,MAE,0.148090100260345
knn,indian_liver,20,MAE,0.162721627003588
knn,indian_liver,20,MAE,0.175084086549582
knn,indian_liver,40,MAE,0.173922600450494
knn,indian_liver,40,MAE,0.168921425102905
knn,indian_liver,40,MAE,0.150252276791924
knn,indian_liver,40,MAE,0.170030612343682
knn,indian_liver,40,MAE,0.169328104960129
knn,indian_liver,60,MAE,0.166228436005129
knn,indian_liver,60,MAE,0.156348183890013
knn,indian_liver,60,MAE,0.153477973110876
knn,indian_liver,60,MAE,0.156970365169106
knn,indian_liver,60,MAE,0.171923752278754
knn,parkinsons,10,MAE,0.0944302454586853
knn,parkinsons,10,MAE,0.0838124849042909
knn,parkinsons,10,MAE,0.119495527717896
knn,parkinsons,10,MAE,0.0912430932540647
knn,parkinsons,10,MAE,0.141578687319717
knn,parkinsons,20,MAE,0.120583685755447
knn,parkinsons,20,MAE,0.0905894338238281
knn,parkinsons,20,MAE,0.144174547830726
knn,parkinsons,20,MAE,0.118219421692522
knn,parkinsons,20,MAE,0.141462296677376
knn,parkinsons,40,MAE,0.148871501687446
knn,parkinsons,40,MAE,0.116843457404048
knn,parkinsons,40,MAE,0.155288734209893
knn,parkinsons,40,MAE,0.125116041526035
knn,parkinsons,40,MAE,0.155240232174617
knn,parkinsons,60,MAE,0.194840938797288
knn,parkinsons,60,MAE,0.146918743845289
knn,parkinsons,60,MAE,0.192802903403553
knn,parkinsons,60,MAE,0.138659025033144
knn,parkinsons,60,MAE,0.162957295280197
knn,mammographic_masses,10,MAE,0.128187090687091
knn,mammographic_masses,10,MAE,0.136022727272727
knn,mammographic_masses,10,MAE,0.10017217630854
knn,mammographic_masses,10,MAE,0.157691713048856
knn,mammographic_masses,10,MAE,0.142436868686869
knn,mammographic_masses,20,MAE,0.187569017004501
knn,mammographic_masses,20,MAE,0.164765082587663
knn,mammographic_masses,20,MAE,0.16099551121343
knn,mammographic_masses,20,MAE,0.174658838771742
knn,mammographic_masses,20,MAE,0.203997071708418
knn,mammographic_masses,40,MAE,0.244491422469327
knn,mammographic_masses,40,MAE,0.233224762012204
knn,mammographic_masses,40,MAE,0.244525913016706
knn,mammographic_masses,40,MAE,0.210630258915281
knn,mammographic_masses,40,MAE,0.26170306396425
knn,mammographic_masses,60,MAE,0.250690957373786
knn,mammographic_masses,60,MAE,0.233361481973857
knn,mammographic_masses,60,MAE,0.231005179806479
knn,mammographic_masses,60,MAE,0.242951576069834
knn,mammographic_masses,60,MAE,0.25597197232661
knn,hcv_egyptian,10,MAE,0.413024544510113
knn,hcv_egyptian,10,MAE,0.400503198778119
knn,hcv_egyptian,10,MAE,0.39440094414866
knn,hcv_egyptian,10,MAE,0.406221896568286
knn,hcv_egyptian,10,MAE,0.396533783130499
knn,hcv_egyptian,20,MAE,0.418694974028985
knn,hcv_egyptian,20,MAE,0.403533257298009
knn,hcv_egyptian,20,MAE,0.398280134095408
knn,hcv_egyptian,20,MAE,0.410943652851402
knn,hcv_egyptian,20,MAE,0.397842033098755
knn,hcv_egyptian,40,MAE,0.42971877980361
knn,hcv_egyptian,40,MAE,0.422796358235841
knn,hcv_egyptian,40,MAE,0.421140898263718
knn,hcv_egyptian,40,MAE,0.421073462050894
knn,hcv_egyptian,40,MAE,0.425242233204257
knn,hcv_egyptian,60,MAE,0.43836443549126
knn,hcv_egyptian,60,MAE,0.432996263120441
knn,hcv_egyptian,60,MAE,0.427800292591444
knn,hcv_egyptian,60,MAE,0.430678527630409
knn,hcv_egyptian,60,MAE,0.438272508146185
knn,thoracic_surgey,10,MAE,0.136678592240538
knn,thoracic_surgey,10,MAE,0.143089472691889
knn,thoracic_surgey,10,MAE,0.138133172407631
knn,thoracic_surgey,10,MAE,0.127748179268571
knn,thoracic_surgey,10,MAE,0.163674972614235
knn,thoracic_surgey,20,MAE,0.148681982195358
knn,thoracic_surgey,20,MAE,0.151375206451279
knn,thoracic_surgey,20,MAE,0.155825192212584
knn,thoracic_surgey,20,MAE,0.152001655566896
knn,thoracic_surgey,20,MAE,0.178045848591587
knn,thoracic_surgey,40,MAE,0.191283678348505
knn,thoracic_surgey,40,MAE,0.18601342392912
knn,thoracic_surgey,40,MAE,0.176210860371155
knn,thoracic_surgey,40,MAE,0.175346383706194
knn,thoracic_surgey,40,MAE,0.199927412238826
knn,thoracic_surgey,60,MAE,0.193144523469823
knn,thoracic_surgey,60,MAE,0.174929117644794
knn,thoracic_surgey,60,MAE,0.173633436216287
knn,thoracic_surgey,60,MAE,0.183092208562645
knn,thoracic_surgey,60,MAE,0.20698790610195
mice,wiscosin,10,MAE,0.05748961174138
mice,wiscosin,10,MAE,0.0513772970569141
mice,wiscosin,10,MAE,0.0420238904264079
mice,wiscosin,10,MAE,0.0397924427497725
mice,wiscosin,10,MAE,0.0573777503103226
mice,wiscosin,20,MAE,0.0784799875642507
mice,wiscosin,20,MAE,0.0799611351783087
mice,wiscosin,20,MAE,0.0777540478235681
mice,wiscosin,20,MAE,0.0651733347052199
mice,wiscosin,20,MAE,0.0774994138018186
mice,wiscosin,40,MAE,0.0967962693702055
mice,wiscosin,40,MAE,0.092386145814868
mice,wiscosin,40,MAE,0.0956972953300932
mice,wiscosin,40,MAE,0.0878643249297429
mice,wiscosin,40,MAE,0.08925208566888
mice,wiscosin,60,MAE,0.108996757878107
mice,wiscosin,60,MAE,0.110678733613044
mice,wiscosin,60,MAE,0.114221706736739
mice,wiscosin,60,MAE,0.098047679963151
mice,wiscosin,60,MAE,0.105932862733942
mice,pima_diabetes,10,MAE,0.164702372538157
mice,pima_diabetes,10,MAE,0.152488808098009
mice,pima_diabetes,10,MAE,0.176509674018305
mice,pima_diabetes,10,MAE,0.180289208464395
mice,pima_diabetes,10,MAE,0.154808404569668
mice,pima_diabetes,20,MAE,0.16115055172366
mice,pima_diabetes,20,MAE,0.147416308276053
mice,pima_diabetes,20,MAE,0.157689518021824
mice,pima_diabetes,20,MAE,0.168294097034567
mice,pima_diabetes,20,MAE,0.139818331470911
mice,pima_diabetes,40,MAE,0.170473516355006
mice,pima_diabetes,40,MAE,0.159923224360989
mice,pima_diabetes,40,MAE,0.172129510028564
mice,pima_diabetes,40,MAE,0.194341900182178
mice,pima_diabetes,40,MAE,0.164091620145924
mice,pima_diabetes,60,MAE,0.169760159028962
mice,pima_diabetes,60,MAE,0.182468707034311
mice,pima_diabetes,60,MAE,0.181629532006575
mice,pima_diabetes,60,MAE,0.194107900221459
mice,pima_diabetes,60,MAE,0.167537970404683
mice,bc_coimbra,10,MAE,0.164599233348404
mice,bc_coimbra,10,MAE,0.19344595900124
mice,bc_coimbra,10,MAE,0.192878841706217
mice,bc_coimbra,10,MAE,0.153407159392565
mice,bc_coimbra,10,MAE,0.145354216898826
mice,bc_coimbra,20,MAE,0.172930054431393
mice,bc_coimbra,20,MAE,0.158089874262873
mice,bc_coimbra,20,MAE,0.162516308480692
mice,bc_coimbra,20,MAE,0.18456599647488
mice,bc_coimbra,20,MAE,0.160142491237448
mice,bc_coimbra,40,MAE,0.207800000412715
mice,bc_coimbra,40,MAE,0.209801057350439
mice,bc_coimbra,40,MAE,0.29602621204341
mice,bc_coimbra,40,MAE,0.193550406296883
mice,bc_coimbra,40,MAE,0.193542085715604
mice,bc_coimbra,60,MAE,0.237809597807503
mice,bc_coimbra,60,MAE,0.263158201372238
mice,bc_coimbra,60,MAE,0.246698102893222
mice,bc_coimbra,60,MAE,0.187181442502682
mice,bc_coimbra,60,MAE,0.199174207222571
mice,indian_liver,10,MAE,0.131338901582725
mice,indian_liver,10,MAE,0.137351825455466
mice,indian_liver,10,MAE,0.130966580502601
mice,indian_liver,10,MAE,0.158068234452415
mice,indian_liver,10,MAE,0.154867035399188
mice,indian_liver,20,MAE,0.14302580834846
mice,indian_liver,20,MAE,0.149025406909283
mice,indian_liver,20,MAE,0.129690875291645
mice,indian_liver,20,MAE,0.135535226882604
mice,indian_liver,20,MAE,0.158439713290185
mice,indian_liver,40,MAE,0.159836745809129
mice,indian_liver,40,MAE,0.158496656985498
mice,indian_liver,40,MAE,0.154726342279659
mice,indian_liver,40,MAE,0.154156679194334
mice,indian_liver,40,MAE,0.159185249902834
mice,indian_liver,60,MAE,0.146243002232801
mice,indian_liver,60,MAE,0.136560094556279
mice,indian_liver,60,MAE,0.151383564204144
mice,indian_liver,60,MAE,0.154215281930619
mice,indian_liver,60,MAE,0.165421442114328
mice,parkinsons,10,MAE,0.0890455585319162
mice,parkinsons,10,MAE,0.0743994326419847
mice,parkinsons,10,MAE,0.118048569179096
mice,parkinsons,10,MAE,0.078358906799331
mice,parkinsons,10,MAE,0.113731876126694
mice,parkinsons,20,MAE,0.11012488734202
mice,parkinsons,20,MAE,0.0797841300844969
mice,parkinsons,20,MAE,0.127583501334775
mice,parkinsons,20,MAE,0.0903385444444175
mice,parkinsons,20,MAE,0.12390969282067
mice,parkinsons,40,MAE,0.14404343412061
mice,parkinsons,40,MAE,0.102406627641724
mice,parkinsons,40,MAE,0.143964576362709
mice,parkinsons,40,MAE,0.113991925945677
mice,parkinsons,40,MAE,0.147111179014279
mice,parkinsons,60,MAE,0.151797499789081
mice,parkinsons,60,MAE,0.131843750996429
mice,parkinsons,60,MAE,0.173072394438157
mice,parkinsons,60,MAE,0.1448425520186
mice,parkinsons,60,MAE,0.169781039149683
mice,mammographic_masses,10,MAE,0.138785279041578
mice,mammographic_masses,10,MAE,0.104360270929616
mice,mammographic_masses,10,MAE,0.0786977374310912
mice,mammographic_masses,10,MAE,0.111051103135623
mice,mammographic_masses,10,MAE,0.123971133730009
mice,mammographic_masses,20,MAE,0.146027897741292
mice,mammographic_masses,20,MAE,0.117614158335864
mice,mammographic_masses,20,MAE,0.116429523526283
mice,mammographic_masses,20,MAE,0.148049775163996
mice,mammographic_masses,20,MAE,0.165580509504456
mice,mammographic_masses,40,MAE,0.162787397386723
mice,mammographic_masses,40,MAE,0.164979475407635
mice,mammographic_masses,40,MAE,0.165089910906223
mice,mammographic_masses,40,MAE,0.170708214897615
mice,mammographic_masses,40,MAE,0.176930532098005
mice,mammographic_masses,60,MAE,0.21387573210217
mice,mammographic_masses,60,MAE,0.221434632740687
mice,mammographic_masses,60,MAE,0.235315908543079
mice,mammographic_masses,60,MAE,0.249886477157084
mice,mammographic_masses,60,MAE,0.209214778713597
mice,hcv_egyptian,10,MAE,0.391310133007303
mice,hcv_egyptian,10,MAE,0.382595985131379
mice,hcv_egyptian,10,MAE,0.388385102877806
mice,hcv_egyptian,10,MAE,0.387424002581467
mice,hcv_egyptian,10,MAE,0.396392067039066
mice,hcv_egyptian,20,MAE,0.401357981511932
mice,hcv_egyptian,20,MAE,0.395287620021718
mice,hcv_egyptian,20,MAE,0.385751161423955
mice,hcv_egyptian,20,MAE,0.39197188825273
mice,hcv_egyptian,20,MAE,0.396342071701068
mice,hcv_egyptian,40,MAE,0.421161978620411
mice,hcv_egyptian,40,MAE,0.411864111564245
mice,hcv_egyptian,40,MAE,0.406699460090599
mice,hcv_egyptian,40,MAE,0.430702679228091
mice,hcv_egyptian,40,MAE,0.413299165828718
mice,hcv_egyptian,60,MAE,0.438580083885497
mice,hcv_egyptian,60,MAE,0.431243250521549
mice,hcv_egyptian,60,MAE,0.43886136896367
mice,hcv_egyptian,60,MAE,0.433724243056174
mice,hcv_egyptian,60,MAE,0.44113495395717
mice,thoracic_surgey,10,MAE,0.126529218837031
mice,thoracic_surgey,10,MAE,0.13060307188335
mice,thoracic_surgey,10,MAE,0.13466770184014
mice,thoracic_surgey,10,MAE,0.144619294346674
mice,thoracic_surgey,10,MAE,0.144455417244817
mice,thoracic_surgey,20,MAE,0.150044438562167
mice,thoracic_surgey,20,MAE,0.14106350019665
mice,thoracic_surgey,20,MAE,0.137986962349671
mice,thoracic_surgey,20,MAE,0.133518437404158
mice,thoracic_surgey,20,MAE,0.162995828453189
mice,thoracic_surgey,40,MAE,0.295432463837073
mice,thoracic_surgey,40,MAE,0.180611946474812
mice,thoracic_surgey,40,MAE,0.146060803255675
mice,thoracic_surgey,40,MAE,0.166348184657854
mice,thoracic_surgey,40,MAE,0.183736384410274
mice,thoracic_surgey,60,MAE,0.218441248443698
mice,thoracic_surgey,60,MAE,0.198473922238086
mice,thoracic_surgey,60,MAE,0.187757623811942
mice,thoracic_surgey,60,MAE,0.20713278278213
mice,thoracic_surgey,60,MAE,0.217223221077087
saei,wiscosin,10,MAE,0.170292486244134
saei,wiscosin,10,MAE,0.12307682595677
saei,wiscosin,10,MAE,0.155026091971489
saei,wiscosin,10,MAE,0.136363769012731
saei,wiscosin,10,MAE,0.136257138728856
saei,wiscosin,20,MAE,0.120521447520105
saei,wiscosin,20,MAE,0.130066289737374
saei,wiscosin,20,MAE,0.131417690760894
saei,wiscosin,20,MAE,0.0985877407594405
saei,wiscosin,20,MAE,0.122936753600458
saei,wiscosin,40,MAE,0.110000765091143
saei,wiscosin,40,MAE,0.107589993908388
saei,wiscosin,40,MAE,0.114356873632055
saei,wiscosin,40,MAE,0.0933000296735209
saei,wiscosin,40,MAE,0.0999212105050766
saei,wiscosin,60,MAE,0.109323032707717
saei,wiscosin,60,MAE,0.0989148806761429
saei,wiscosin,60,MAE,0.0943146122914599
saei,wiscosin,60,MAE,0.0906012730214549
saei,wiscosin,60,MAE,0.107407004115133
saei,pima_diabetes,10,MAE,0.189618596953576
saei,pima_diabetes,10,MAE,0.165611288771104
saei,pima_diabetes,10,MAE,0.161705818202118
saei,pima_diabetes,10,MAE,0.191088690562793
saei,pima_diabetes,10,MAE,0.15856925791924
saei,pima_diabetes,20,MAE,0.172778587885021
saei,pima_diabetes,20,MAE,0.138569990375757
saei,pima_diabetes,20,MAE,0.164411428661408
saei,pima_diabetes,20,MAE,0.175058474043626
saei,pima_diabetes,20,MAE,0.140613627089621
saei,pima_diabetes,40,MAE,0.157427993791026
saei,pima_diabetes,40,MAE,0.150084305615715
saei,pima_diabetes,40,MAE,0.121225217186891
saei,pima_diabetes,40,MAE,0.149846929419931
saei,pima_diabetes,40,MAE,0.130736715711993
saei,pima_diabetes,60,MAE,0.137430424260761
saei,pima_diabetes,60,MAE,0.141950152961245
saei,pima_diabetes,60,MAE,0.132781626430574
saei,pima_diabetes,60,MAE,0.149662256966627
saei,pima_diabetes,60,MAE,0.104774030211502
saei,bc_coimbra,10,MAE,0.204586721787917
saei,bc_coimbra,10,MAE,0.214605552108266
saei,bc_coimbra,10,MAE,0.146959328074013
saei,bc_coimbra,10,MAE,0.131855365678897
saei,bc_coimbra,10,MAE,0.145484577246806
saei,bc_coimbra,20,MAE,0.107590583452572
saei,bc_coimbra,20,MAE,0.161093531959586
saei,bc_coimbra,20,MAE,0.158487349537279
saei,bc_coimbra,20,MAE,0.191497623646839
saei,bc_coimbra,20,MAE,0.111339606780339
saei,bc_coimbra,40,MAE,0.136168837260497
saei,bc_coimbra,40,MAE,0.193527981020344
saei,bc_coimbra,40,MAE,0.14491900062285
saei,bc_coimbra,40,MAE,0.120559625989346
saei,bc_coimbra,40,MAE,0.167190943475608
saei,bc_coimbra,60,MAE,0.146035583219259
saei,bc_coimbra,60,MAE,0.126987271874391
saei,bc_coimbra,60,MAE,0.171798184164347
saei,bc_coimbra,60,MAE,0.137572613550487
saei,bc_coimbra,60,MAE,0.154969852693731
saei,indian_liver,10,MAE,0.219744113305018
saei,indian_liver,10,MAE,0.183659460858542
saei,indian_liver,10,MAE,0.200906168726487
saei,indian_liver,10,MAE,0.173820164807767
saei,indian_liver,10,MAE,0.188833131007048
saei,indian_liver,20,MAE,0.177562472949372
saei,indian_liver,20,MAE,0.154163672582595
saei,indian_liver,20,MAE,0.150528296492655
saei,indian_liver,20,MAE,0.139468738405035
saei,indian_liver,20,MAE,0.193513342873175
saei,indian_liver,40,MAE,0.169587033988217
saei,indian_liver,40,MAE,0.151811749519727
saei,indian_liver,40,MAE,0.146213553379445
saei,indian_liver,40,MAE,0.126751085443226
saei,indian_liver,40,MAE,0.154432134755001
saei,indian_liver,60,MAE,0.171369754927116
saei,indian_liver,60,MAE,0.117403996675973
saei,indian_liver,60,MAE,0.117665689688699
saei,indian_liver,60,MAE,0.129479195738021
saei,indian_liver,60,MAE,0.127144337763716
saei,parkinsons,10,MAE,0.201435548733447
saei,parkinsons,10,MAE,0.174107768369467
saei,parkinsons,10,MAE,0.203638786131453
saei,parkinsons,10,MAE,0.152821468067734
saei,parkinsons,10,MAE,0.241556209069621
saei,parkinsons,20,MAE,0.27446366225212
saei,parkinsons,20,MAE,0.167121304031248
saei,parkinsons,20,MAE,0.192248140214368
saei,parkinsons,20,MAE,0.227721472655559
saei,parkinsons,20,MAE,0.179987683279659
saei,parkinsons,40,MAE,0.200521714804606
saei,parkinsons,40,MAE,0.151855554357542
saei,parkinsons,40,MAE,0.193827541084777
saei,parkinsons,40,MAE,0.120962870297021
saei,parkinsons,40,MAE,0.168667425572692
saei,parkinsons,60,MAE,0.211605648799505
saei,parkinsons,60,MAE,0.106725439725142
saei,parkinsons,60,MAE,0.173314570539309
saei,parkinsons,60,MAE,0.162029944773686
saei,parkinsons,60,MAE,0.21254214211018
saei,mammographic_masses,10,MAE,0.217440705121937
saei,mammographic_masses,10,MAE,0.17597194982669
saei,mammographic_masses,10,MAE,0.234976469576005
saei,mammographic_masses,10,MAE,0.135892337984336
saei,mammographic_masses,10,MAE,0.197224809067371
saei,mammographic_masses,20,MAE,0.193044971381589
saei,mammographic_masses,20,MAE,0.220829152517748
saei,mammographic_masses,20,MAE,0.169614426129422
saei,mammographic_masses,20,MAE,0.222880171595499
saei,mammographic_masses,20,MAE,0.178117828717651
saei,mammographic_masses,40,MAE,0.148913968437745
saei,mammographic_masses,40,MAE,0.200138283971808
saei,mammographic_masses,40,MAE,0.192219170013953
saei,mammographic_masses,40,MAE,0.235364731186551
saei,mammographic_masses,40,MAE,0.167578737411559
saei,mammographic_masses,60,MAE,0.140084753576924
saei,mammographic_masses,60,MAE,0.140336443711254
saei,mammographic_masses,60,MAE,0.139838329995063
saei,mammographic_masses,60,MAE,0.155061282228099
saei,mammographic_masses,60,MAE,0.218182025740397
saei,hcv_egyptian,10,MAE,0.340239493840769
saei,hcv_egyptian,10,MAE,0.330092062997372
saei,hcv_egyptian,10,MAE,0.33303181643068
saei,hcv_egyptian,10,MAE,0.321150342883736
saei,hcv_egyptian,10,MAE,0.296325058549172
saei,hcv_egyptian,20,MAE,0.314499572769404
saei,hcv_egyptian,20,MAE,0.359397282188584
saei,hcv_egyptian,20,MAE,0.327415183062044
saei,hcv_egyptian,20,MAE,0.351158531923719
saei,hcv_egyptian,20,MAE,0.331127165890772
saei,hcv_egyptian,40,MAE,0.314884677147904
saei,hcv_egyptian,40,MAE,0.32669192976678
saei,hcv_egyptian,40,MAE,0.303342454051117
saei,hcv_egyptian,40,MAE,0.314040183657801
saei,hcv_egyptian,40,MAE,0.303299028000707
saei,hcv_egyptian,60,MAE,0.31733530771686
saei,hcv_egyptian,60,MAE,0.316174350480987
saei,hcv_egyptian,60,MAE,0.30183371025914
saei,hcv_egyptian,60,MAE,0.279738107694066
saei,hcv_egyptian,60,MAE,0.324571539850522
saei,thoracic_surgey,10,MAE,0.14559640789229
saei,thoracic_surgey,10,MAE,0.122907088569471
saei,thoracic_surgey,10,MAE,0.112515073616127
saei,thoracic_surgey,10,MAE,0.14722047150554
saei,thoracic_surgey,10,MAE,0.193219693503815
saei,thoracic_surgey,20,MAE,0.13326775046787
saei,thoracic_surgey,20,MAE,0.144374534380844
saei,thoracic_surgey,20,MAE,0.137297247796913
saei,thoracic_surgey,20,MAE,0.124235004854911
saei,thoracic_surgey,20,MAE,0.144292233297909
saei,thoracic_surgey,40,MAE,0.129014914929245
saei,thoracic_surgey,40,MAE,0.139645872643126
saei,thoracic_surgey,40,MAE,0.126287392097758
saei,thoracic_surgey,40,MAE,0.12837823534404
saei,thoracic_surgey,40,MAE,0.14411815691085
saei,thoracic_surgey,60,MAE,0.122481173753917
saei,thoracic_surgey,60,MAE,0.148403222157245
saei,thoracic_surgey,60,MAE,0.10926241543489
saei,thoracic_surgey,60,MAE,0.127484924681094
saei,thoracic_surgey,60,MAE,0.140759189137343
pmivae,wiscosin,10,MAE,0.161348579159183
pmivae,wiscosin,10,MAE,0.160658025860592
pmivae,wiscosin,10,MAE,0.163029119523435
pmivae,wiscosin,10,MAE,0.1472564225445
pmivae,wiscosin,10,MAE,0.160029199478698
pmivae,wiscosin,20,MAE,0.157654040293312
pmivae,wiscosin,20,MAE,0.159011228892564
pmivae,wiscosin,20,MAE,0.159676249559023
pmivae,wiscosin,20,MAE,0.148233097598181
pmivae,wiscosin,20,MAE,0.151636024594117
pmivae,wiscosin,40,MAE,0.161799032533933
pmivae,wiscosin,40,MAE,0.15539848693921
pmivae,wiscosin,40,MAE,0.161308965915365
pmivae,wiscosin,40,MAE,0.14304216134741
pmivae,wiscosin,40,MAE,0.151707304278038
pmivae,wiscosin,60,MAE,0.160030772699982
pmivae,wiscosin,60,MAE,0.159700510451152
pmivae,wiscosin,60,MAE,0.165081733240725
pmivae,wiscosin,60,MAE,0.151192261462053
pmivae,wiscosin,60,MAE,0.148157744009364
pmivae,pima_diabetes,10,MAE,0.20374105391156
pmivae,pima_diabetes,10,MAE,0.186397038979659
pmivae,pima_diabetes,10,MAE,0.197403370228713
pmivae,pima_diabetes,10,MAE,0.213164318187241
pmivae,pima_diabetes,10,MAE,0.175501749420339
pmivae,pima_diabetes,20,MAE,0.181349284881368
pmivae,pima_diabetes,20,MAE,0.17199930527991
pmivae,pima_diabetes,20,MAE,0.188807548556693
pmivae,pima_diabetes,20,MAE,0.198105956430987
pmivae,pima_diabetes,20,MAE,0.16452825671867
pmivae,pima_diabetes,40,MAE,0.179178256732033
pmivae,pima_diabetes,40,MAE,0.172306572178422
pmivae,pima_diabetes,40,MAE,0.179715766175715
pmivae,pima_diabetes,40,MAE,0.195886790835796
pmivae,pima_diabetes,40,MAE,0.166426782566159
pmivae,pima_diabetes,60,MAE,0.184352144082716
pmivae,pima_diabetes,60,MAE,0.180235364887429
pmivae,pima_diabetes,60,MAE,0.183210758590607
pmivae,pima_diabetes,60,MAE,0.196714645821482
pmivae,pima_diabetes,60,MAE,0.170273326952103
pmivae,bc_coimbra,10,MAE,0.267565901747507
pmivae,bc_coimbra,10,MAE,0.269462486895082
pmivae,bc_coimbra,10,MAE,0.231315606374442
pmivae,bc_coimbra,10,MAE,0.234876546211331
pmivae,bc_coimbra,10,MAE,0.201869595848397
pmivae,bc_coimbra,20,MAE,0.262317490313622
pmivae,bc_coimbra,20,MAE,0.264269175353965
pmivae,bc_coimbra,20,MAE,0.186878111677377
pmivae,bc_coimbra,20,MAE,0.193272498591912
pmivae,bc_coimbra,20,MAE,0.203570217669604
pmivae,bc_coimbra,40,MAE,0.250777493998306
pmivae,bc_coimbra,40,MAE,0.285022506712617
pmivae,bc_coimbra,40,MAE,0.210529442687873
pmivae,bc_coimbra,40,MAE,0.194969424296662
pmivae,bc_coimbra,40,MAE,0.208756890014727
pmivae,bc_coimbra,60,MAE,0.266936984436477
pmivae,bc_coimbra,60,MAE,0.276784217288528
pmivae,bc_coimbra,60,MAE,0.203523626315673
pmivae,bc_coimbra,60,MAE,0.194071404951048
pmivae,bc_coimbra,60,MAE,0.222722614728437
pmivae,indian_liver,10,MAE,0.196623236267346
pmivae,indian_liver,10,MAE,0.18553743833188
pmivae,indian_liver,10,MAE,0.174742216770772
pmivae,indian_liver,10,MAE,0.194072247299943
pmivae,indian_liver,10,MAE,0.182702086646627
pmivae,indian_liver,20,MAE,0.174436852987555
pmivae,indian_liver,20,MAE,0.172174173574132
pmivae,indian_liver,20,MAE,0.166616230677788
pmivae,indian_liver,20,MAE,0.167842099800905
pmivae,indian_liver,20,MAE,0.17896067156865
pmivae,indian_liver,40,MAE,0.17070282139616
pmivae,indian_liver,40,MAE,0.171453376584878
pmivae,indian_liver,40,MAE,0.171077139849061
pmivae,indian_liver,40,MAE,0.17216437380672
pmivae,indian_liver,40,MAE,0.17755225783185
pmivae,indian_liver,60,MAE,0.163849561781451
pmivae,indian_liver,60,MAE,0.157703741081132
pmivae,indian_liver,60,MAE,0.163452674261577
pmivae,indian_liver,60,MAE,0.168484586445578
pmivae,indian_liver,60,MAE,0.164895942462554
pmivae,parkinsons,10,MAE,0.231067021405651
pmivae,parkinsons,10,MAE,0.190297205918426
pmivae,parkinsons,10,MAE,0.235376422092683
pmivae,parkinsons,10,MAE,0.198766953865657
pmivae,parkinsons,10,MAE,0.225152494922069
pmivae,parkinsons,20,MAE,0.199186585930413
pmivae,parkinsons,20,MAE,0.188190517486191
pmivae,parkinsons,20,MAE,0.212406144640061
pmivae,parkinsons,20,MAE,0.191801662851061
pmivae,parkinsons,20,MAE,0.21499400739047
pmivae,parkinsons,40,MAE,0.198111229140798
pmivae,parkinsons,40,MAE,0.182247271276165
pmivae,parkinsons,40,MAE,0.228383224045381
pmivae,parkinsons,40,MAE,0.197713340796197
pmivae,parkinsons,40,MAE,0.205491596894049
pmivae,parkinsons,60,MAE,0.207476742404733
pmivae,parkinsons,60,MAE,0.185275440522189
pmivae,parkinsons,60,MAE,0.221221610992921
pmivae,parkinsons,60,MAE,0.199671893013685
pmivae,parkinsons,60,MAE,0.211554253044905
pmivae,mammographic_masses,10,MAE,0.164385382195453
pmivae,mammographic_masses,10,MAE,0.117238357506849
pmivae,mammographic_masses,10,MAE,0.156743251716748
pmivae,mammographic_masses,10,MAE,0.149701543899541
pmivae,mammographic_masses,10,MAE,0.168739709527273
pmivae,mammographic_masses,20,MAE,0.232230749828707
pmivae,mammographic_masses,20,MAE,0.164503881257647
pmivae,mammographic_masses,20,MAE,0.21072486389629
pmivae,mammographic_masses,20,MAE,0.186820164175943
pmivae,mammographic_masses,20,MAE,0.226174749307696
pmivae,mammographic_masses,40,MAE,0.197991821573976
pmivae,mammographic_masses,40,MAE,0.185654077964384
pmivae,mammographic_masses,40,MAE,0.208730763295555
pmivae,mammographic_masses,40,MAE,0.205025656082646
pmivae,mammographic_masses,40,MAE,0.216260733934672
pmivae,mammographic_masses,60,MAE,0.261668233778536
pmivae,mammographic_masses,60,MAE,0.258101741293185
pmivae,mammographic_masses,60,MAE,0.26365207090023
pmivae,mammographic_masses,60,MAE,0.25047952099985
pmivae,mammographic_masses,60,MAE,0.259861971342437
pmivae,hcv_egyptian,10,MAE,0.468006985504178
pmivae,hcv_egyptian,10,MAE,0.457391749312774
pmivae,hcv_egyptian,10,MAE,0.449271222584451
pmivae,hcv_egyptian,10,MAE,0.452705394477714
pmivae,hcv_egyptian,10,MAE,0.449763843985877
pmivae,hcv_egyptian,20,MAE,0.471915098578718
pmivae,hcv_egyptian,20,MAE,0.450887889541022
pmivae,hcv_egyptian,20,MAE,0.455087537018615
pmivae,hcv_egyptian,20,MAE,0.459937994155745
pmivae,hcv_egyptian,20,MAE,0.448664000361751
pmivae,hcv_egyptian,40,MAE,0.467947662789051
pmivae,hcv_egyptian,40,MAE,0.455487764220797
pmivae,hcv_egyptian,40,MAE,0.449252790787807
pmivae,hcv_egyptian,40,MAE,0.45398162082715
pmivae,hcv_egyptian,40,MAE,0.455534130918431
pmivae,hcv_egyptian,60,MAE,0.457677395714271
pmivae,hcv_egyptian,60,MAE,0.447902843707855
pmivae,hcv_egyptian,60,MAE,0.447920777652366
pmivae,hcv_egyptian,60,MAE,0.448810697600219
pmivae,hcv_egyptian,60,MAE,0.453442073719025
pmivae,thoracic_surgey,10,MAE,0.168228511079097
pmivae,thoracic_surgey,10,MAE,0.13799759896716
pmivae,thoracic_surgey,10,MAE,0.149199210321108
pmivae,thoracic_surgey,10,MAE,0.138505065788464
pmivae,thoracic_surgey,10,MAE,0.134856157410111
pmivae,thoracic_surgey,20,MAE,0.144010383943607
pmivae,thoracic_surgey,20,MAE,0.140791568755823
pmivae,thoracic_surgey,20,MAE,0.136390168396015
pmivae,thoracic_surgey,20,MAE,0.141291609298074
pmivae,thoracic_surgey,20,MAE,0.157896182410263
pmivae,thoracic_surgey,40,MAE,0.155643185568109
pmivae,thoracic_surgey,40,MAE,0.135557060933252
pmivae,thoracic_surgey,40,MAE,0.122485883511934
pmivae,thoracic_surgey,40,MAE,0.138805731995134
pmivae,thoracic_surgey,40,MAE,0.156164654969867
pmivae,thoracic_surgey,60,MAE,0.162358799378747
pmivae,thoracic_surgey,60,MAE,0.139713709289632
pmivae,thoracic_surgey,60,MAE,0.14233226511231
pmivae,thoracic_surgey,60,MAE,0.141868447093933
pmivae,thoracic_surgey,60,MAE,0.167918163758425
lpr0,wiscosin,10,MAE,0.133012239336396
lpr0,wiscosin,10,MAE,0.120838465836727
lpr0,wiscosin,10,MAE,0.132280430429897
lpr0,wiscosin,10,MAE,0.107675774038509
lpr0,wiscosin,10,MAE,0.124097096588231
lpr0,wiscosin,20,MAE,0.121603077358053
lpr0,wiscosin,20,MAE,0.116997942611007
lpr0,wiscosin,20,MAE,0.123688477835734
lpr0,wiscosin,20,MAE,0.106271135632798
lpr0,wiscosin,20,MAE,0.119262060166055
lpr0,wiscosin,40,MAE,0.121004490444471
lpr0,wiscosin,40,MAE,0.116576407218642
lpr0,wiscosin,40,MAE,0.121264462962787
lpr0,wiscosin,40,MAE,0.106922710969532
lpr0,wiscosin,40,MAE,0.115470135258928
lpr0,wiscosin,60,MAE,0.122953477486234
lpr0,wiscosin,60,MAE,0.119730414426882
lpr0,wiscosin,60,MAE,0.126651078821601
lpr0,wiscosin,60,MAE,0.10826155521787
lpr0,wiscosin,60,MAE,0.109941754810768
lpr0,pima_diabetes,10,MAE,0.18329134011596
lpr0,pima_diabetes,10,MAE,0.160415181719529
lpr0,pima_diabetes,10,MAE,0.19548445288619
lpr0,pima_diabetes,10,MAE,0.199448607237733
lpr0,pima_diabetes,10,MAE,0.154272605214183
lpr0,pima_diabetes,20,MAE,0.170587963450483
lpr0,pima_diabetes,20,MAE,0.153626852423745
lpr0,pima_diabetes,20,MAE,0.161713526140464
lpr0,pima_diabetes,20,MAE,0.19157166095761
lpr0,pima_diabetes,20,MAE,0.152048656349136
lpr0,pima_diabetes,40,MAE,0.166385115691206
lpr0,pima_diabetes,40,MAE,0.157495119586777
lpr0,pima_diabetes,40,MAE,0.163263946196106
lpr0,pima_diabetes,40,MAE,0.182689454782112
lpr0,pima_diabetes,40,MAE,0.15651609314304
lpr0,pima_diabetes,60,MAE,0.171101518459651
lpr0,pima_diabetes,60,MAE,0.166198468887309
lpr0,pima_diabetes,60,MAE,0.163699316336148
lpr0,pima_diabetes,60,MAE,0.18804380107278
lpr0,pima_diabetes,60,MAE,0.161685128719758
lpr0,bc_coimbra,10,MAE,0.139383669407278
lpr0,bc_coimbra,10,MAE,0.225052648658141
lpr0,bc_coimbra,10,MAE,0.26924493268656
lpr0,bc_coimbra,10,MAE,0.139249706674936
lpr0,bc_coimbra,10,MAE,0.119611678429376
lpr0,bc_coimbra,20,MAE,0.171846122625978
lpr0,bc_coimbra,20,MAE,0.19882718140736
lpr0,bc_coimbra,20,MAE,0.166090415059383
lpr0,bc_coimbra,20,MAE,0.171277849191572
lpr0,bc_coimbra,20,MAE,0.134706753401056
lpr0,bc_coimbra,40,MAE,0.161779812682438
lpr0,bc_coimbra,40,MAE,0.230863317386629
lpr0,bc_coimbra,40,MAE,0.183364731738111
lpr0,bc_coimbra,40,MAE,0.180903262555071
lpr0,bc_coimbra,40,MAE,0.188703076523599
lpr0,bc_coimbra,60,MAE,0.188380174658207
lpr0,bc_coimbra,60,MAE,0.241786439167667
lpr0,bc_coimbra,60,MAE,0.194818765072157
lpr0,bc_coimbra,60,MAE,0.168619761371442
lpr0,bc_coimbra,60,MAE,0.155656105663567
lpr0,indian_liver,10,MAE,0.181849706125895
lpr0,indian_liver,10,MAE,0.185055453072853
lpr0,indian_liver,10,MAE,0.170211092086568
lpr0,indian_liver,10,MAE,0.188357579534329
lpr0,indian_liver,10,MAE,0.203187316641452
lpr0,indian_liver,20,MAE,0.175874107700074
lpr0,indian_liver,20,MAE,0.178704005671467
lpr0,indian_liver,20,MAE,0.15860550993556
lpr0,indian_liver,20,MAE,0.16854400853244
lpr0,indian_liver,20,MAE,0.184440715943523
lpr0,indian_liver,40,MAE,0.174798418641554
lpr0,indian_liver,40,MAE,0.164659707307234
lpr0,indian_liver,40,MAE,0.157873835011521
lpr0,indian_liver,40,MAE,0.162072042052984
lpr0,indian_liver,40,MAE,0.186305923819139
lpr0,indian_liver,60,MAE,0.153728134796206
lpr0,indian_liver,60,MAE,0.150556632066494
lpr0,indian_liver,60,MAE,0.150502862313753
lpr0,indian_liver,60,MAE,0.1558031942228
lpr0,indian_liver,60,MAE,0.159530445352171
lpr0,parkinsons,10,MAE,0.15263231424164
lpr0,parkinsons,10,MAE,0.139404301137642
lpr0,parkinsons,10,MAE,0.168414471088238
lpr0,parkinsons,10,MAE,0.135654201297709
lpr0,parkinsons,10,MAE,0.152670885162369
lpr0,parkinsons,20,MAE,0.164550189734645
lpr0,parkinsons,20,MAE,0.148681876056073
lpr0,parkinsons,20,MAE,0.18571032892772
lpr0,parkinsons,20,MAE,0.128159553310076
lpr0,parkinsons,20,MAE,0.1508198166797
lpr0,parkinsons,40,MAE,0.172638944165473
lpr0,parkinsons,40,MAE,0.139466028600831
lpr0,parkinsons,40,MAE,0.194458894251079
lpr0,parkinsons,40,MAE,0.137313933728026
lpr0,parkinsons,40,MAE,0.159175639965721
lpr0,parkinsons,60,MAE,0.178671689006701
lpr0,parkinsons,60,MAE,0.141063725902792
lpr0,parkinsons,60,MAE,0.198115604432498
lpr0,parkinsons,60,MAE,0.157833833598341
lpr0,parkinsons,60,MAE,0.162556022785487
lpr0,mammographic_masses,10,MAE,0.175967553506285
lpr0,mammographic_masses,10,MAE,0.173944005559994
lpr0,mammographic_masses,10,MAE,0.183388940863348
lpr0,mammographic_masses,10,MAE,0.201604659367023
lpr0,mammographic_masses,10,MAE,0.209693978271756
lpr0,mammographic_masses,20,MAE,0.193271906120062
lpr0,mammographic_masses,20,MAE,0.187971561586982
lpr0,mammographic_masses,20,MAE,0.210625446552935
lpr0,mammographic_masses,20,MAE,0.185473849513438
lpr0,mammographic_masses,20,MAE,0.205022408235184
lpr0,mammographic_masses,40,MAE,0.204342942976114
lpr0,mammographic_masses,40,MAE,0.198741279542626
lpr0,mammographic_masses,40,MAE,0.205582301303058
lpr0,mammographic_masses,40,MAE,0.20259777492787
lpr0,mammographic_masses,40,MAE,0.205929502883356
lpr0,mammographic_masses,60,MAE,0.230936096848876
lpr0,mammographic_masses,60,MAE,0.224848907586712
lpr0,mammographic_masses,60,MAE,0.227475427542702
lpr0,mammographic_masses,60,MAE,0.222060900623065
lpr0,mammographic_masses,60,MAE,0.242550969053329
lpr0,hcv_egyptian,10,MAE,0.41778768156266
lpr0,hcv_egyptian,10,MAE,0.390049593036833
lpr0,hcv_egyptian,10,MAE,0.401900680909604
lpr0,hcv_egyptian,10,MAE,0.404287209858945
lpr0,hcv_egyptian,10,MAE,0.397531272774165
lpr0,hcv_egyptian,20,MAE,0.411456884902722
lpr0,hcv_egyptian,20,MAE,0.406114998435517
lpr0,hcv_egyptian,20,MAE,0.411193047424912
lpr0,hcv_egyptian,20,MAE,0.40872056738861
lpr0,hcv_egyptian,20,MAE,0.408773508466553
lpr0,hcv_egyptian,40,MAE,0.426048057855711
lpr0,hcv_egyptian,40,MAE,0.421139902579612
lpr0,hcv_egyptian,40,MAE,0.4128546338879
lpr0,hcv_egyptian,40,MAE,0.419052287799177
lpr0,hcv_egyptian,40,MAE,0.415938650368636
lpr0,hcv_egyptian,60,MAE,0.435639260937448
lpr0,hcv_egyptian,60,MAE,0.425475862991394
lpr0,hcv_egyptian,60,MAE,0.428016574933827
lpr0,hcv_egyptian,60,MAE,0.430069223709223
lpr0,hcv_egyptian,60,MAE,0.42504516747128
lpr0,thoracic_surgey,10,MAE,0.159807059859108
lpr0,thoracic_surgey,10,MAE,0.157618288422058
lpr0,thoracic_surgey,10,MAE,0.147662557146733
lpr0,thoracic_surgey,10,MAE,0.174911400806528
lpr0,thoracic_surgey,10,MAE,0.171059095396839
lpr0,thoracic_surgey,20,MAE,0.175968231249654
lpr0,thoracic_surgey,20,MAE,0.161438855148069
lpr0,thoracic_surgey,20,MAE,0.169754960355768
lpr0,thoracic_surgey,20,MAE,0.168526774117751
lpr0,thoracic_surgey,20,MAE,0.187528617713662
lpr0,thoracic_surgey,40,MAE,0.178936270651124
lpr0,thoracic_surgey,40,MAE,0.166125495978705
lpr0,thoracic_surgey,40,MAE,0.160051259047643
lpr0,thoracic_surgey,40,MAE,0.163342118229253
lpr0,thoracic_surgey,40,MAE,0.182582328718647
lpr0,thoracic_surgey,60,MAE,0.179681793564113
lpr0,thoracic_surgey,60,MAE,0.156807013534547
lpr0,thoracic_surgey,60,MAE,0.157681116104046
lpr0,thoracic_surgey,60,MAE,0.166702584148161
lpr0,thoracic_surgey,60,MAE,0.187502552342405
lpr1,wiscosin,10,MAE,0.126942783435379
lpr1,wiscosin,10,MAE,0.119438703546509
lpr1,wiscosin,10,MAE,0.12952536463326
lpr1,wiscosin,10,MAE,0.105878030764279
lpr1,wiscosin,10,MAE,0.118352562612137
lpr1,wiscosin,20,MAE,0.125536934071412
lpr1,wiscosin,20,MAE,0.116526851569699
lpr1,wiscosin,20,MAE,0.125796503185588
lpr1,wiscosin,20,MAE,0.107720855207697
lpr1,wiscosin,20,MAE,0.116631506408697
lpr1,wiscosin,40,MAE,0.121362133085924
lpr1,wiscosin,40,MAE,0.115950975406645
lpr1,wiscosin,40,MAE,0.127211918885962
lpr1,wiscosin,40,MAE,0.104726770266237
lpr1,wiscosin,40,MAE,0.110632115773869
lpr1,wiscosin,60,MAE,0.123101978343631
lpr1,wiscosin,60,MAE,0.116453176886385
lpr1,wiscosin,60,MAE,0.124964072351869
lpr1,wiscosin,60,MAE,0.108475240074258
lpr1,wiscosin,60,MAE,0.11295718020814
lpr1,pima_diabetes,10,MAE,0.18683134937979
lpr1,pima_diabetes,10,MAE,0.163903322551951
lpr1,pima_diabetes,10,MAE,0.178718390969803
lpr1,pima_diabetes,10,MAE,0.189005794840462
lpr1,pima_diabetes,10,MAE,0.153516718174135
lpr1,pima_diabetes,20,MAE,0.16999430301519
lpr1,pima_diabetes,20,MAE,0.153153606739711
lpr1,pima_diabetes,20,MAE,0.171010565545279
lpr1,pima_diabetes,20,MAE,0.186706458286527
lpr1,pima_diabetes,20,MAE,0.153085052433611
lpr1,pima_diabetes,40,MAE,0.163081559611664
lpr1,pima_diabetes,40,MAE,0.158778350611889
lpr1,pima_diabetes,40,MAE,0.165468655355442
lpr1,pima_diabetes,40,MAE,0.187276747649904
lpr1,pima_diabetes,40,MAE,0.156210070426138
lpr1,pima_diabetes,60,MAE,0.168644261206892
lpr1,pima_diabetes,60,MAE,0.161472184566706
lpr1,pima_diabetes,60,MAE,0.163597139925128
lpr1,pima_diabetes,60,MAE,0.188651797422224
lpr1,pima_diabetes,60,MAE,0.163159461296113
lpr1,bc_coimbra,10,MAE,0.133766348373789
lpr1,bc_coimbra,10,MAE,0.1590844949509
lpr1,bc_coimbra,10,MAE,0.283347836639246
lpr1,bc_coimbra,10,MAE,0.137383430519439
lpr1,bc_coimbra,10,MAE,0.144980428920539
lpr1,bc_coimbra,20,MAE,0.14597758441569
lpr1,bc_coimbra,20,MAE,0.188585391756721
lpr1,bc_coimbra,20,MAE,0.173009178801774
lpr1,bc_coimbra,20,MAE,0.158486506775048
lpr1,bc_coimbra,20,MAE,0.170150672754493
lpr1,bc_coimbra,40,MAE,0.177694943237643
lpr1,bc_coimbra,40,MAE,0.189211385536011
lpr1,bc_coimbra,40,MAE,0.214521406424394
lpr1,bc_coimbra,40,MAE,0.166174196171392
lpr1,bc_coimbra,40,MAE,0.166471580791346
lpr1,bc_coimbra,60,MAE,0.213104053983172
lpr1,bc_coimbra,60,MAE,0.230159729997203
lpr1,bc_coimbra,60,MAE,0.185477557157617
lpr1,bc_coimbra,60,MAE,0.162958309379549
lpr1,bc_coimbra,60,MAE,0.155611640783135
lpr1,indian_liver,10,MAE,0.174886476246578
lpr1,indian_liver,10,MAE,0.179954625655536
lpr1,indian_liver,10,MAE,0.197688891759265
lpr1,indian_liver,10,MAE,0.186197589344187
lpr1,indian_liver,10,MAE,0.195313786826339
lpr1,indian_liver,20,MAE,0.170880303206087
lpr1,indian_liver,20,MAE,0.171736078570999
lpr1,indian_liver,20,MAE,0.169277199275428
lpr1,indian_liver,20,MAE,0.165772141400599
lpr1,indian_liver,20,MAE,0.186231205428692
lpr1,indian_liver,40,MAE,0.178131702686101
lpr1,indian_liver,40,MAE,0.172480704792346
lpr1,indian_liver,40,MAE,0.16338938544301
lpr1,indian_liver,40,MAE,0.167338008867525
lpr1,indian_liver,40,MAE,0.182448898124068
lpr1,indian_liver,60,MAE,0.154293161470102
lpr1,indian_liver,60,MAE,0.148868560838169
lpr1,indian_liver,60,MAE,0.149864743099074
lpr1,indian_liver,60,MAE,0.16219061785034
lpr1,indian_liver,60,MAE,0.161353894566076
lpr1,parkinsons,10,MAE,0.153566469842529
lpr1,parkinsons,10,MAE,0.126740876643334
lpr1,parkinsons,10,MAE,0.163134019274529
lpr1,parkinsons,10,MAE,0.12281033040485
lpr1,parkinsons,10,MAE,0.147167251101418
lpr1,parkinsons,20,MAE,0.154939468754765
lpr1,parkinsons,20,MAE,0.1382527570584
lpr1,parkinsons,20,MAE,0.191576191866852
lpr1,parkinsons,20,MAE,0.131635583432628
lpr1,parkinsons,20,MAE,0.154969033039014
lpr1,parkinsons,40,MAE,0.179299488133481
lpr1,parkinsons,40,MAE,0.142727435323781
lpr1,parkinsons,40,MAE,0.194065569535659
lpr1,parkinsons,40,MAE,0.142551721332922
lpr1,parkinsons,40,MAE,0.155298477751612
lpr1,parkinsons,60,MAE,0.179420921194949
lpr1,parkinsons,60,MAE,0.149117185307515
lpr1,parkinsons,60,MAE,0.1936569738233
lpr1,parkinsons,60,MAE,0.158002833911181
lpr1,parkinsons,60,MAE,0.177556690366634
lpr1,mammographic_masses,10,MAE,0.180280512461935
lpr1,mammographic_masses,10,MAE,0.193819043692191
lpr1,mammographic_masses,10,MAE,0.185644086102788
lpr1,mammographic_masses,10,MAE,0.175847192194672
lpr1,mammographic_masses,10,MAE,0.202141659972253
lpr1,mammographic_masses,20,MAE,0.188141530154287
lpr1,mammographic_masses,20,MAE,0.189933137958784
lpr1,mammographic_masses,20,MAE,0.206671230218187
lpr1,mammographic_masses,20,MAE,0.180222040592274
lpr1,mammographic_masses,20,MAE,0.198893592795264
lpr1,mammographic_masses,40,MAE,0.202180901269477
lpr1,mammographic_masses,40,MAE,0.189369844292306
lpr1,mammographic_masses,40,MAE,0.227755739110336
lpr1,mammographic_masses,40,MAE,0.210962754978497
lpr1,mammographic_masses,40,MAE,0.212264320446827
lpr1,mammographic_masses,60,MAE,0.220395354250402
lpr1,mammographic_masses,60,MAE,0.223953671580406
lpr1,mammographic_masses,60,MAE,0.232770336777286
lpr1,mammographic_masses,60,MAE,0.231100205094866
lpr1,mammographic_masses,60,MAE,0.241834196084585
lpr1,hcv_egyptian,10,MAE,0.412161866927558
lpr1,hcv_egyptian,10,MAE,0.395875061203688
lpr1,hcv_egyptian,10,MAE,0.396710544972992
lpr1,hcv_egyptian,10,MAE,0.403215984158264
lpr1,hcv_egyptian,10,MAE,0.38616664188653
lpr1,hcv_egyptian,20,MAE,0.416352996652277
lpr1,hcv_egyptian,20,MAE,0.404864263706369
lpr1,hcv_egyptian,20,MAE,0.4049849652425
lpr1,hcv_egyptian,20,MAE,0.41242305124585
lpr1,hcv_egyptian,20,MAE,0.400157476718934
lpr1,hcv_egyptian,40,MAE,0.42529069240065
lpr1,hcv_egyptian,40,MAE,0.41472579618556
lpr1,hcv_egyptian,40,MAE,0.417377242833794
lpr1,hcv_egyptian,40,MAE,0.422603280034158
lpr1,hcv_egyptian,40,MAE,0.419899062450458
lpr1,hcv_egyptian,60,MAE,0.432028592711954
lpr1,hcv_egyptian,60,MAE,0.42211720971877
lpr1,hcv_egyptian,60,MAE,0.421317212291218
lpr1,hcv_egyptian,60,MAE,0.426158918814232
lpr1,hcv_egyptian,60,MAE,0.431202935974458
lpr1,thoracic_surgey,10,MAE,0.165950240833988
lpr1,thoracic_surgey,10,MAE,0.173498816908739
lpr1,thoracic_surgey,10,MAE,0.159375362142208
lpr1,thoracic_surgey,10,MAE,0.159516215129159
lpr1,thoracic_surgey,10,MAE,0.193390887022387
lpr1,thoracic_surgey,20,MAE,0.181210347425168
lpr1,thoracic_surgey,20,MAE,0.164471261006532
lpr1,thoracic_surgey,20,MAE,0.167939155603727
lpr1,thoracic_surgey,20,MAE,0.163022884131348
lpr1,thoracic_surgey,20,MAE,0.19943260363202
lpr1,thoracic_surgey,40,MAE,0.17428731021929
lpr1,thoracic_surgey,40,MAE,0.169841946242053
lpr1,thoracic_surgey,40,MAE,0.162085894096024
lpr1,thoracic_surgey,40,MAE,0.174822306922423
lpr1,thoracic_surgey,40,MAE,0.191610453260251
lpr1,thoracic_surgey,60,MAE,0.180181801999929
lpr1,thoracic_surgey,60,MAE,0.161553093552067
lpr1,thoracic_surgey,60,MAE,0.165362081370954
lpr1,thoracic_surgey,60,MAE,0.170560763718395
lpr1,thoracic_surgey,60,MAE,0.190649313206125
lpr2,wiscosin,10,MAE,0.125617193648778
lpr2,wiscosin,10,MAE,0.123319740059298
lpr2,wiscosin,10,MAE,0.128060958370922
lpr2,wiscosin,10,MAE,0.107045622129423
lpr2,wiscosin,10,MAE,0.12645641975094
lpr2,wiscosin,20,MAE,0.120858031583065
lpr2,wiscosin,20,MAE,0.117646732359717
lpr2,wiscosin,20,MAE,0.122337515334674
lpr2,wiscosin,20,MAE,0.104271648292628
lpr2,wiscosin,20,MAE,0.122021744445785
lpr2,wiscosin,40,MAE,0.122019688617819
lpr2,wiscosin,40,MAE,0.115958756332118
lpr2,wiscosin,40,MAE,0.124739434460015
lpr2,wiscosin,40,MAE,0.104950512412735
lpr2,wiscosin,40,MAE,0.114799188076047
lpr2,wiscosin,60,MAE,0.122326049984319
lpr2,wiscosin,60,MAE,0.117094778526456
lpr2,wiscosin,60,MAE,0.126230911479468
lpr2,wiscosin,60,MAE,0.110034994144349
lpr2,wiscosin,60,MAE,0.110922109012983
lpr2,pima_diabetes,10,MAE,0.178282207749941
lpr2,pima_diabetes,10,MAE,0.159887606456111
lpr2,pima_diabetes,10,MAE,0.186728559221102
lpr2,pima_diabetes,10,MAE,0.212702279921536
lpr2,pima_diabetes,10,MAE,0.155888932751101
lpr2,pima_diabetes,20,MAE,0.175719440683688
lpr2,pima_diabetes,20,MAE,0.156451672476783
lpr2,pima_diabetes,20,MAE,0.159598538705095
lpr2,pima_diabetes,20,MAE,0.19068604885087
lpr2,pima_diabetes,20,MAE,0.152264898470077
lpr2,pima_diabetes,40,MAE,0.168814965500614
lpr2,pima_diabetes,40,MAE,0.1521739684378
lpr2,pima_diabetes,40,MAE,0.165968307279544
lpr2,pima_diabetes,40,MAE,0.185592404781496
lpr2,pima_diabetes,40,MAE,0.153725140277662
lpr2,pima_diabetes,60,MAE,0.168112158863774
lpr2,pima_diabetes,60,MAE,0.160047990203166
lpr2,pima_diabetes,60,MAE,0.168191070979107
lpr2,pima_diabetes,60,MAE,0.186830076617547
lpr2,pima_diabetes,60,MAE,0.157502397259405
lpr2,bc_coimbra,10,MAE,0.136328920730707
lpr2,bc_coimbra,10,MAE,0.198685796305929
lpr2,bc_coimbra,10,MAE,0.198871289304367
lpr2,bc_coimbra,10,MAE,0.16516554448677
lpr2,bc_coimbra,10,MAE,0.149187196727156
lpr2,bc_coimbra,20,MAE,0.155593134071791
lpr2,bc_coimbra,20,MAE,0.183703835778904
lpr2,bc_coimbra,20,MAE,0.268446802085518
lpr2,bc_coimbra,20,MAE,0.144616518910532
lpr2,bc_coimbra,20,MAE,0.19572347459205
lpr2,bc_coimbra,40,MAE,0.200943358620724
lpr2,bc_coimbra,40,MAE,0.218700478714785
lpr2,bc_coimbra,40,MAE,0.171096988392173
lpr2,bc_coimbra,40,MAE,0.158185719626865
lpr2,bc_coimbra,40,MAE,0.175937969965098
lpr2,bc_coimbra,60,MAE,0.210623851634371
lpr2,bc_coimbra,60,MAE,0.234494316303033
lpr2,bc_coimbra,60,MAE,0.235729795933658
lpr2,bc_coimbra,60,MAE,0.172013174598413
lpr2,bc_coimbra,60,MAE,0.178410680974399
lpr2,indian_liver,10,MAE,0.1694172996964
lpr2,indian_liver,10,MAE,0.172156451628305
lpr2,indian_liver,10,MAE,0.182386234862693
lpr2,indian_liver,10,MAE,0.181919210735092
lpr2,indian_liver,10,MAE,0.201090925489637
lpr2,indian_liver,20,MAE,0.169653111301901
lpr2,indian_liver,20,MAE,0.174636386373254
lpr2,indian_liver,20,MAE,0.166873752605638
lpr2,indian_liver,20,MAE,0.167546922136392
lpr2,indian_liver,20,MAE,0.184617843906028
lpr2,indian_liver,40,MAE,0.164029151485892
lpr2,indian_liver,40,MAE,0.165847045630925
lpr2,indian_liver,40,MAE,0.169054277031802
lpr2,indian_liver,40,MAE,0.170880776556163
lpr2,indian_liver,40,MAE,0.174268124974498
lpr2,indian_liver,60,MAE,0.154420404078235
lpr2,indian_liver,60,MAE,0.141211402641058
lpr2,indian_liver,60,MAE,0.152069462715745
lpr2,indian_liver,60,MAE,0.159452023051858
lpr2,indian_liver,60,MAE,0.162389742018366
lpr2,parkinsons,10,MAE,0.157049922806569
lpr2,parkinsons,10,MAE,0.126821535070475
lpr2,parkinsons,10,MAE,0.181565683090358
lpr2,parkinsons,10,MAE,0.12220199850782
lpr2,parkinsons,10,MAE,0.147950260124168
lpr2,parkinsons,20,MAE,0.169100184743064
lpr2,parkinsons,20,MAE,0.131066606231911
lpr2,parkinsons,20,MAE,0.179650563440303
lpr2,parkinsons,20,MAE,0.138122183937793
lpr2,parkinsons,20,MAE,0.152793537139079
lpr2,parkinsons,40,MAE,0.174323192051115
lpr2,parkinsons,40,MAE,0.142162804491051
lpr2,parkinsons,40,MAE,0.187070652116359
lpr2,parkinsons,40,MAE,0.14455659995333
lpr2,parkinsons,40,MAE,0.168019810252483
lpr2,parkinsons,60,MAE,0.172685358956871
lpr2,parkinsons,60,MAE,0.146399527766564
lpr2,parkinsons,60,MAE,0.197061675489477
lpr2,parkinsons,60,MAE,0.156417276075872
lpr2,parkinsons,60,MAE,0.164368871200781
lpr2,mammographic_masses,10,MAE,0.175068813664841
lpr2,mammographic_masses,10,MAE,0.209514404871249
lpr2,mammographic_masses,10,MAE,0.20885987187381
lpr2,mammographic_masses,10,MAE,0.184623084273405
lpr2,mammographic_masses,10,MAE,0.203792123504387
lpr2,mammographic_masses,20,MAE,0.196961325393305
lpr2,mammographic_masses,20,MAE,0.18155673460787
lpr2,mammographic_masses,20,MAE,0.187592931847467
lpr2,mammographic_masses,20,MAE,0.197658188646604
lpr2,mammographic_masses,20,MAE,0.196352441861769
lpr2,mammographic_masses,40,MAE,0.202167424961218
lpr2,mammographic_masses,40,MAE,0.193719184101043
lpr2,mammographic_masses,40,MAE,0.211273889379797
lpr2,mammographic_masses,40,MAE,0.208059747745321
lpr2,mammographic_masses,40,MAE,0.228232524121694
lpr2,mammographic_masses,60,MAE,0.222492946826578
lpr2,mammographic_masses,60,MAE,0.226277533497017
lpr2,mammographic_masses,60,MAE,0.230584097211093
lpr2,mammographic_masses,60,MAE,0.224820221105931
lpr2,mammographic_masses,60,MAE,0.244798764651153
lpr2,hcv_egyptian,10,MAE,0.405700446111244
lpr2,hcv_egyptian,10,MAE,0.39005593087477
lpr2,hcv_egyptian,10,MAE,0.398399921159224
lpr2,hcv_egyptian,10,MAE,0.396530924049694
lpr2,hcv_egyptian,10,MAE,0.401815044122674
lpr2,hcv_egyptian,20,MAE,0.411992821179515
lpr2,hcv_egyptian,20,MAE,0.403496925926931
lpr2,hcv_egyptian,20,MAE,0.403336684068851
lpr2,hcv_egyptian,20,MAE,0.407949527329847
lpr2,hcv_egyptian,20,MAE,0.412237499802441
lpr2,hcv_egyptian,40,MAE,0.421640904137207
lpr2,hcv_egyptian,40,MAE,0.418516916320895
lpr2,hcv_egyptian,40,MAE,0.413123777873899
lpr2,hcv_egyptian,40,MAE,0.420645620629591
lpr2,hcv_egyptian,40,MAE,0.417679564887143
lpr2,hcv_egyptian,60,MAE,0.431522090805748
lpr2,hcv_egyptian,60,MAE,0.422895770287346
lpr2,hcv_egyptian,60,MAE,0.425178911343531
lpr2,hcv_egyptian,60,MAE,0.427769888451379
lpr2,hcv_egyptian,60,MAE,0.427271054511476
lpr2,thoracic_surgey,10,MAE,0.189456081559956
lpr2,thoracic_surgey,10,MAE,0.185898521006259
lpr2,thoracic_surgey,10,MAE,0.186382711870798
lpr2,thoracic_surgey,10,MAE,0.165481867825538
lpr2,thoracic_surgey,10,MAE,0.180622522796822
lpr2,thoracic_surgey,20,MAE,0.184835480225963
lpr2,thoracic_surgey,20,MAE,0.173121605109779
lpr2,thoracic_surgey,20,MAE,0.172712310898338
lpr2,thoracic_surgey,20,MAE,0.172069291518832
lpr2,thoracic_surgey,20,MAE,0.187529085020159
lpr2,thoracic_surgey,40,MAE,0.176159711210422
lpr2,thoracic_surgey,40,MAE,0.177297454380676
lpr2,thoracic_surgey,40,MAE,0.165290044547718
lpr2,thoracic_surgey,40,MAE,0.178876947307992
lpr2,thoracic_surgey,40,MAE,0.17594151120171
lpr2,thoracic_surgey,60,MAE,0.178946758415979
lpr2,thoracic_surgey,60,MAE,0.16671070313865
lpr2,thoracic_surgey,60,MAE,0.16139489347106
lpr2,thoracic_surgey,60,MAE,0.170357698502828
lpr2,thoracic_surgey,60,MAE,0.193406833529972
lpr3,wiscosin,10,MAE,0.128262199482439
lpr3,wiscosin,10,MAE,0.120161382178357
lpr3,wiscosin,10,MAE,0.136297042395077
lpr3,wiscosin,10,MAE,0.106636324905824
lpr3,wiscosin,10,MAE,0.121918822524338
lpr3,wiscosin,20,MAE,0.124109122659714
lpr3,wiscosin,20,MAE,0.116035840014467
lpr3,wiscosin,20,MAE,0.123952943974547
lpr3,wiscosin,20,MAE,0.104429137780136
lpr3,wiscosin,20,MAE,0.121751400003224
lpr3,wiscosin,40,MAE,0.12165720480271
lpr3,wiscosin,40,MAE,0.116635885100331
lpr3,wiscosin,40,MAE,0.12437891188208
lpr3,wiscosin,40,MAE,0.105590539327235
lpr3,wiscosin,40,MAE,0.111953084050535
lpr3,wiscosin,60,MAE,0.119135247108881
lpr3,wiscosin,60,MAE,0.117326855224553
lpr3,wiscosin,60,MAE,0.125605374476288
lpr3,wiscosin,60,MAE,0.109030798552879
lpr3,wiscosin,60,MAE,0.110106937486938
lpr3,pima_diabetes,10,MAE,0.182970996632943
lpr3,pima_diabetes,10,MAE,0.169440297460344
lpr3,pima_diabetes,10,MAE,0.185606204711898
lpr3,pima_diabetes,10,MAE,0.191992713871901
lpr3,pima_diabetes,10,MAE,0.163289972088094
lpr3,pima_diabetes,20,MAE,0.164618615974985
lpr3,pima_diabetes,20,MAE,0.155320646676189
lpr3,pima_diabetes,20,MAE,0.163560546238426
lpr3,pima_diabetes,20,MAE,0.188856824040792
lpr3,pima_diabetes,20,MAE,0.148836199419653
lpr3,pima_diabetes,40,MAE,0.16241493640739
lpr3,pima_diabetes,40,MAE,0.156932304833206
lpr3,pima_diabetes,40,MAE,0.160260836114952
lpr3,pima_diabetes,40,MAE,0.180156247733788
lpr3,pima_diabetes,40,MAE,0.152685323252094
lpr3,pima_diabetes,60,MAE,0.168034264105511
lpr3,pima_diabetes,60,MAE,0.157598649096919
lpr3,pima_diabetes,60,MAE,0.166542356613896
lpr3,pima_diabetes,60,MAE,0.182091535203702
lpr3,pima_diabetes,60,MAE,0.159292918146527
lpr3,bc_coimbra,10,MAE,0.142911682673586
lpr3,bc_coimbra,10,MAE,0.204864549235762
lpr3,bc_coimbra,10,MAE,0.205068304090538
lpr3,bc_coimbra,10,MAE,0.172922889767006
lpr3,bc_coimbra,10,MAE,0.143030830240889
lpr3,bc_coimbra,20,MAE,0.161186396245117
lpr3,bc_coimbra,20,MAE,0.166009157329193
lpr3,bc_coimbra,20,MAE,0.17255918140057
lpr3,bc_coimbra,20,MAE,0.199559860224219
lpr3,bc_coimbra,20,MAE,0.187139826895367
lpr3,bc_coimbra,40,MAE,0.159864033497513
lpr3,bc_coimbra,40,MAE,0.184946816494099
lpr3,bc_coimbra,40,MAE,0.183237230684464
lpr3,bc_coimbra,40,MAE,0.156342429692883
lpr3,bc_coimbra,40,MAE,0.158548107549053
lpr3,bc_coimbra,60,MAE,0.209493257691535
lpr3,bc_coimbra,60,MAE,0.213827718351108
lpr3,bc_coimbra,60,MAE,0.195353033963834
lpr3,bc_coimbra,60,MAE,0.166201267537873
lpr3,bc_coimbra,60,MAE,0.158346117996801
lpr3,indian_liver,10,MAE,0.168217887871342
lpr3,indian_liver,10,MAE,0.20213246762306
lpr3,indian_liver,10,MAE,0.165952441199527
lpr3,indian_liver,10,MAE,0.182228315195953
lpr3,indian_liver,10,MAE,0.188020568021391
lpr3,indian_liver,20,MAE,0.172398606777019
lpr3,indian_liver,20,MAE,0.173587606103456
lpr3,indian_liver,20,MAE,0.167685361794746
lpr3,indian_liver,20,MAE,0.177784164764766
lpr3,indian_liver,20,MAE,0.177011874073895
lpr3,indian_liver,40,MAE,0.16751652552144
lpr3,indian_liver,40,MAE,0.165868051130928
lpr3,indian_liver,40,MAE,0.158158705813797
lpr3,indian_liver,40,MAE,0.16074287559413
lpr3,indian_liver,40,MAE,0.180667076776341
lpr3,indian_liver,60,MAE,0.153881053798871
lpr3,indian_liver,60,MAE,0.142909863939063
lpr3,indian_liver,60,MAE,0.149600538471411
lpr3,indian_liver,60,MAE,0.15690191642674
lpr3,indian_liver,60,MAE,0.15959871655193
lpr3,parkinsons,10,MAE,0.150262188382863
lpr3,parkinsons,10,MAE,0.124317002719242
lpr3,parkinsons,10,MAE,0.163246690584043
lpr3,parkinsons,10,MAE,0.119312573642749
lpr3,parkinsons,10,MAE,0.157114705217221
lpr3,parkinsons,20,MAE,0.160024323482445
lpr3,parkinsons,20,MAE,0.129043788980623
lpr3,parkinsons,20,MAE,0.191210004486786
lpr3,parkinsons,20,MAE,0.127517591092127
lpr3,parkinsons,20,MAE,0.155634304360459
lpr3,parkinsons,40,MAE,0.159835007770356
lpr3,parkinsons,40,MAE,0.135400799230098
lpr3,parkinsons,40,MAE,0.192859103598605
lpr3,parkinsons,40,MAE,0.147112568476927
lpr3,parkinsons,40,MAE,0.158281061967991
lpr3,parkinsons,60,MAE,0.179664983174331
lpr3,parkinsons,60,MAE,0.142141882283636
lpr3,parkinsons,60,MAE,0.197819494912378
lpr3,parkinsons,60,MAE,0.157704461818038
lpr3,parkinsons,60,MAE,0.165273987748259
lpr3,mammographic_masses,10,MAE,0.194998318808084
lpr3,mammographic_masses,10,MAE,0.203578395236733
lpr3,mammographic_masses,10,MAE,0.164349078774982
lpr3,mammographic_masses,10,MAE,0.186390849583661
lpr3,mammographic_masses,10,MAE,0.193105232056552
lpr3,mammographic_masses,20,MAE,0.182391774837358
lpr3,mammographic_masses,20,MAE,0.184540702150163
lpr3,mammographic_masses,20,MAE,0.185837357103407
lpr3,mammographic_masses,20,MAE,0.196976040872352
lpr3,mammographic_masses,20,MAE,0.202993877835463
lpr3,mammographic_masses,40,MAE,0.201174747415695
lpr3,mammographic_masses,40,MAE,0.183539788164322
lpr3,mammographic_masses,40,MAE,0.197906614358633
lpr3,mammographic_masses,40,MAE,0.200145707097408
lpr3,mammographic_masses,40,MAE,0.211255725241809
lpr3,mammographic_masses,60,MAE,0.215691142940465
lpr3,mammographic_masses,60,MAE,0.221930876193431
lpr3,mammographic_masses,60,MAE,0.228153919703391
lpr3,mammographic_masses,60,MAE,0.220119088581079
lpr3,mammographic_masses,60,MAE,0.239344839826809
lpr3,hcv_egyptian,10,MAE,0.420123841056704
lpr3,hcv_egyptian,10,MAE,0.395347004460774
lpr3,hcv_egyptian,10,MAE,0.407616526034297
lpr3,hcv_egyptian,10,MAE,0.39600632968193
lpr3,hcv_egyptian,10,MAE,0.387703279407491
lpr3,hcv_egyptian,20,MAE,0.4141133727328
lpr3,hcv_egyptian,20,MAE,0.403061017245686
lpr3,hcv_egyptian,20,MAE,0.409078380367707
lpr3,hcv_egyptian,20,MAE,0.402829218980826
lpr3,hcv_egyptian,20,MAE,0.396332861716155
lpr3,hcv_egyptian,40,MAE,0.422339728199727
lpr3,hcv_egyptian,40,MAE,0.415879615321549
lpr3,hcv_egyptian,40,MAE,0.41120059727928
lpr3,hcv_egyptian,40,MAE,0.417757750391822
lpr3,hcv_egyptian,40,MAE,0.417168733289787
lpr3,hcv_egyptian,60,MAE,0.42853793175973
lpr3,hcv_egyptian,60,MAE,0.422365725517166
lpr3,hcv_egyptian,60,MAE,0.423471455555537
lpr3,hcv_egyptian,60,MAE,0.422841587630829
lpr3,hcv_egyptian,60,MAE,0.427174910071492
lpr3,thoracic_surgey,10,MAE,0.168897637413215
lpr3,thoracic_surgey,10,MAE,0.165024216562074
lpr3,thoracic_surgey,10,MAE,0.162916937809589
lpr3,thoracic_surgey,10,MAE,0.175674785356924
lpr3,thoracic_surgey,10,MAE,0.17936319607878
lpr3,thoracic_surgey,20,MAE,0.173342608565814
lpr3,thoracic_surgey,20,MAE,0.166087142585546
lpr3,thoracic_surgey,20,MAE,0.173328515541392
lpr3,thoracic_surgey,20,MAE,0.167864171764172
lpr3,thoracic_surgey,20,MAE,0.180157708535952
lpr3,thoracic_surgey,40,MAE,0.176529141201453
lpr3,thoracic_surgey,40,MAE,0.163126389053411
lpr3,thoracic_surgey,40,MAE,0.162232469632169
lpr3,thoracic_surgey,40,MAE,0.168568690239707
lpr3,thoracic_surgey,40,MAE,0.179903196306561
lpr3,thoracic_surgey,60,MAE,0.178261042147651
lpr3,thoracic_surgey,60,MAE,0.165415584598994
lpr3,thoracic_surgey,60,MAE,0.159011498086338
lpr3,thoracic_surgey,60,MAE,0.168404487404402
lpr3,thoracic_surgey,60,MAE,0.191763722553892
